0,1
AIDE_Dataset/2317/,AIDE_Dataset/annotation/2317.json
AIDE_Dataset/2086/,AIDE_Dataset/annotation/2086.json
AIDE_Dataset/1983/,AIDE_Dataset/annotation/1983.json
AIDE_Dataset/0340/,AIDE_Dataset/annotation/0340.json
AIDE_Dataset/1728/,AIDE_Dataset/annotation/1728.json
AIDE_Dataset/2000/,AIDE_Dataset/annotation/2000.json
AIDE_Dataset/0138/,AIDE_Dataset/annotation/0138.json
AIDE_Dataset/1116/,AIDE_Dataset/annotation/1116.json
AIDE_Dataset/0477/,AIDE_Dataset/annotation/0477.json
AIDE_Dataset/2079/,AIDE_Dataset/annotation/2079.json
AIDE_Dataset/2286/,AIDE_Dataset/annotation/2286.json
AIDE_Dataset/2576/,AIDE_Dataset/annotation/2576.json
AIDE_Dataset/3049/,AIDE_Dataset/annotation/3049.json
AIDE_Dataset/1222/,AIDE_Dataset/annotation/1222.json
AIDE_Dataset/2221/,AIDE_Dataset/annotation/2221.json
AIDE_Dataset/2257/,AIDE_Dataset/annotation/2257.json
AIDE_Dataset/0550/,AIDE_Dataset/annotation/0550.json
AIDE_Dataset/1014/,AIDE_Dataset/annotation/1014.json
AIDE_Dataset/2430/,AIDE_Dataset/annotation/2430.json
AIDE_Dataset/0009/,AIDE_Dataset/annotation/0009.json
AIDE_Dataset/1612/,AIDE_Dataset/annotation/1612.json
AIDE_Dataset/0706/,AIDE_Dataset/annotation/0706.json
AIDE_Dataset/0868/,AIDE_Dataset/annotation/0868.json
AIDE_Dataset/0509/,AIDE_Dataset/annotation/0509.json
AIDE_Dataset/1695/,AIDE_Dataset/annotation/1695.json
AIDE_Dataset/0974/,AIDE_Dataset/annotation/0974.json
AIDE_Dataset/1390/,AIDE_Dataset/annotation/1390.json
AIDE_Dataset/0909/,AIDE_Dataset/annotation/0909.json
AIDE_Dataset/0560/,AIDE_Dataset/annotation/0560.json
AIDE_Dataset/0049/,AIDE_Dataset/annotation/0049.json
AIDE_Dataset/2031/,AIDE_Dataset/annotation/2031.json
AIDE_Dataset/1513/,AIDE_Dataset/annotation/1513.json
AIDE_Dataset/0773/,AIDE_Dataset/annotation/0773.json
AIDE_Dataset/1366/,AIDE_Dataset/annotation/1366.json
AIDE_Dataset/0724/,AIDE_Dataset/annotation/0724.json
AIDE_Dataset/0879/,AIDE_Dataset/annotation/0879.json
AIDE_Dataset/0658/,AIDE_Dataset/annotation/0658.json
AIDE_Dataset/1267/,AIDE_Dataset/annotation/1267.json
AIDE_Dataset/2730/,AIDE_Dataset/annotation/2730.json
AIDE_Dataset/2805/,AIDE_Dataset/annotation/2805.json
AIDE_Dataset/2025/,AIDE_Dataset/annotation/2025.json
AIDE_Dataset/0249/,AIDE_Dataset/annotation/0249.json
AIDE_Dataset/1118/,AIDE_Dataset/annotation/1118.json
AIDE_Dataset/2302/,AIDE_Dataset/annotation/2302.json
AIDE_Dataset/1082/,AIDE_Dataset/annotation/1082.json
AIDE_Dataset/0114/,AIDE_Dataset/annotation/0114.json
AIDE_Dataset/1112/,AIDE_Dataset/annotation/1112.json
AIDE_Dataset/1850/,AIDE_Dataset/annotation/1850.json
AIDE_Dataset/2367/,AIDE_Dataset/annotation/2367.json
AIDE_Dataset/2278/,AIDE_Dataset/annotation/2278.json
AIDE_Dataset/2507/,AIDE_Dataset/annotation/2507.json
AIDE_Dataset/1924/,AIDE_Dataset/annotation/1924.json
AIDE_Dataset/1954/,AIDE_Dataset/annotation/1954.json
AIDE_Dataset/1104/,AIDE_Dataset/annotation/1104.json
AIDE_Dataset/2190/,AIDE_Dataset/annotation/2190.json
AIDE_Dataset/0294/,AIDE_Dataset/annotation/0294.json
AIDE_Dataset/0684/,AIDE_Dataset/annotation/0684.json
AIDE_Dataset/2704/,AIDE_Dataset/annotation/2704.json
AIDE_Dataset/1849/,AIDE_Dataset/annotation/1849.json
AIDE_Dataset/2369/,AIDE_Dataset/annotation/2369.json
AIDE_Dataset/0178/,AIDE_Dataset/annotation/0178.json
AIDE_Dataset/1287/,AIDE_Dataset/annotation/1287.json
AIDE_Dataset/2377/,AIDE_Dataset/annotation/2377.json
AIDE_Dataset/0529/,AIDE_Dataset/annotation/0529.json
AIDE_Dataset/1541/,AIDE_Dataset/annotation/1541.json
AIDE_Dataset/1830/,AIDE_Dataset/annotation/1830.json
AIDE_Dataset/2811/,AIDE_Dataset/annotation/2811.json
AIDE_Dataset/1172/,AIDE_Dataset/annotation/1172.json
AIDE_Dataset/0075/,AIDE_Dataset/annotation/0075.json
AIDE_Dataset/0530/,AIDE_Dataset/annotation/0530.json
AIDE_Dataset/1004/,AIDE_Dataset/annotation/1004.json
AIDE_Dataset/0876/,AIDE_Dataset/annotation/0876.json
AIDE_Dataset/0524/,AIDE_Dataset/annotation/0524.json
AIDE_Dataset/0448/,AIDE_Dataset/annotation/0448.json
AIDE_Dataset/2790/,AIDE_Dataset/annotation/2790.json
AIDE_Dataset/1990/,AIDE_Dataset/annotation/1990.json
AIDE_Dataset/0062/,AIDE_Dataset/annotation/0062.json
AIDE_Dataset/0981/,AIDE_Dataset/annotation/0981.json
AIDE_Dataset/2176/,AIDE_Dataset/annotation/2176.json
AIDE_Dataset/2451/,AIDE_Dataset/annotation/2451.json
AIDE_Dataset/0373/,AIDE_Dataset/annotation/0373.json
AIDE_Dataset/1578/,AIDE_Dataset/annotation/1578.json
AIDE_Dataset/0813/,AIDE_Dataset/annotation/0813.json
AIDE_Dataset/0836/,AIDE_Dataset/annotation/0836.json
AIDE_Dataset/0258/,AIDE_Dataset/annotation/0258.json
AIDE_Dataset/2595/,AIDE_Dataset/annotation/2595.json
AIDE_Dataset/1193/,AIDE_Dataset/annotation/1193.json
AIDE_Dataset/1449/,AIDE_Dataset/annotation/1449.json
AIDE_Dataset/0624/,AIDE_Dataset/annotation/0624.json
AIDE_Dataset/1332/,AIDE_Dataset/annotation/1332.json
AIDE_Dataset/1446/,AIDE_Dataset/annotation/1446.json
AIDE_Dataset/1416/,AIDE_Dataset/annotation/1416.json
AIDE_Dataset/1645/,AIDE_Dataset/annotation/1645.json
AIDE_Dataset/0865/,AIDE_Dataset/annotation/0865.json
AIDE_Dataset/2504/,AIDE_Dataset/annotation/2504.json
AIDE_Dataset/2603/,AIDE_Dataset/annotation/2603.json
AIDE_Dataset/2653/,AIDE_Dataset/annotation/2653.json
AIDE_Dataset/2536/,AIDE_Dataset/annotation/2536.json
AIDE_Dataset/1109/,AIDE_Dataset/annotation/1109.json
AIDE_Dataset/0287/,AIDE_Dataset/annotation/0287.json
AIDE_Dataset/1426/,AIDE_Dataset/annotation/1426.json
AIDE_Dataset/2631/,AIDE_Dataset/annotation/2631.json
AIDE_Dataset/2713/,AIDE_Dataset/annotation/2713.json
AIDE_Dataset/1702/,AIDE_Dataset/annotation/1702.json
AIDE_Dataset/0787/,AIDE_Dataset/annotation/0787.json
AIDE_Dataset/1024/,AIDE_Dataset/annotation/1024.json
AIDE_Dataset/1398/,AIDE_Dataset/annotation/1398.json
AIDE_Dataset/1725/,AIDE_Dataset/annotation/1725.json
AIDE_Dataset/0098/,AIDE_Dataset/annotation/0098.json
AIDE_Dataset/2952/,AIDE_Dataset/annotation/2952.json
AIDE_Dataset/0857/,AIDE_Dataset/annotation/0857.json
AIDE_Dataset/0181/,AIDE_Dataset/annotation/0181.json
AIDE_Dataset/1438/,AIDE_Dataset/annotation/1438.json
AIDE_Dataset/0127/,AIDE_Dataset/annotation/0127.json
AIDE_Dataset/1831/,AIDE_Dataset/annotation/1831.json
AIDE_Dataset/0627/,AIDE_Dataset/annotation/0627.json
AIDE_Dataset/0426/,AIDE_Dataset/annotation/0426.json
AIDE_Dataset/2411/,AIDE_Dataset/annotation/2411.json
AIDE_Dataset/0632/,AIDE_Dataset/annotation/0632.json
AIDE_Dataset/0504/,AIDE_Dataset/annotation/0504.json
AIDE_Dataset/0588/,AIDE_Dataset/annotation/0588.json
AIDE_Dataset/1072/,AIDE_Dataset/annotation/1072.json
AIDE_Dataset/1562/,AIDE_Dataset/annotation/1562.json
AIDE_Dataset/2531/,AIDE_Dataset/annotation/2531.json
AIDE_Dataset/2831/,AIDE_Dataset/annotation/2831.json
AIDE_Dataset/2133/,AIDE_Dataset/annotation/2133.json
AIDE_Dataset/1716/,AIDE_Dataset/annotation/1716.json
AIDE_Dataset/2898/,AIDE_Dataset/annotation/2898.json
AIDE_Dataset/1428/,AIDE_Dataset/annotation/1428.json
AIDE_Dataset/1775/,AIDE_Dataset/annotation/1775.json
AIDE_Dataset/2613/,AIDE_Dataset/annotation/2613.json
AIDE_Dataset/2356/,AIDE_Dataset/annotation/2356.json
AIDE_Dataset/2055/,AIDE_Dataset/annotation/2055.json
AIDE_Dataset/0794/,AIDE_Dataset/annotation/0794.json
AIDE_Dataset/1226/,AIDE_Dataset/annotation/1226.json
AIDE_Dataset/0396/,AIDE_Dataset/annotation/0396.json
AIDE_Dataset/1574/,AIDE_Dataset/annotation/1574.json
AIDE_Dataset/1881/,AIDE_Dataset/annotation/1881.json
AIDE_Dataset/2750/,AIDE_Dataset/annotation/2750.json
AIDE_Dataset/2902/,AIDE_Dataset/annotation/2902.json
AIDE_Dataset/1090/,AIDE_Dataset/annotation/1090.json
AIDE_Dataset/0637/,AIDE_Dataset/annotation/0637.json
AIDE_Dataset/2520/,AIDE_Dataset/annotation/2520.json
AIDE_Dataset/0579/,AIDE_Dataset/annotation/0579.json
AIDE_Dataset/1032/,AIDE_Dataset/annotation/1032.json
AIDE_Dataset/1365/,AIDE_Dataset/annotation/1365.json
AIDE_Dataset/1407/,AIDE_Dataset/annotation/1407.json
AIDE_Dataset/2491/,AIDE_Dataset/annotation/2491.json
AIDE_Dataset/0019/,AIDE_Dataset/annotation/0019.json
AIDE_Dataset/0210/,AIDE_Dataset/annotation/0210.json
AIDE_Dataset/0357/,AIDE_Dataset/annotation/0357.json
AIDE_Dataset/2492/,AIDE_Dataset/annotation/2492.json
AIDE_Dataset/0767/,AIDE_Dataset/annotation/0767.json
AIDE_Dataset/0156/,AIDE_Dataset/annotation/0156.json
AIDE_Dataset/1707/,AIDE_Dataset/annotation/1707.json
AIDE_Dataset/1655/,AIDE_Dataset/annotation/1655.json
AIDE_Dataset/2300/,AIDE_Dataset/annotation/2300.json
AIDE_Dataset/2112/,AIDE_Dataset/annotation/2112.json
AIDE_Dataset/2798/,AIDE_Dataset/annotation/2798.json
AIDE_Dataset/2315/,AIDE_Dataset/annotation/2315.json
AIDE_Dataset/0719/,AIDE_Dataset/annotation/0719.json
AIDE_Dataset/1491/,AIDE_Dataset/annotation/1491.json
AIDE_Dataset/2402/,AIDE_Dataset/annotation/2402.json
AIDE_Dataset/2034/,AIDE_Dataset/annotation/2034.json
AIDE_Dataset/1586/,AIDE_Dataset/annotation/1586.json
AIDE_Dataset/2454/,AIDE_Dataset/annotation/2454.json
AIDE_Dataset/0467/,AIDE_Dataset/annotation/0467.json
AIDE_Dataset/1765/,AIDE_Dataset/annotation/1765.json
AIDE_Dataset/0200/,AIDE_Dataset/annotation/0200.json
AIDE_Dataset/1016/,AIDE_Dataset/annotation/1016.json
AIDE_Dataset/1631/,AIDE_Dataset/annotation/1631.json
AIDE_Dataset/0463/,AIDE_Dataset/annotation/0463.json
AIDE_Dataset/2745/,AIDE_Dataset/annotation/2745.json
AIDE_Dataset/2260/,AIDE_Dataset/annotation/2260.json
AIDE_Dataset/0016/,AIDE_Dataset/annotation/0016.json
AIDE_Dataset/2032/,AIDE_Dataset/annotation/2032.json
AIDE_Dataset/1621/,AIDE_Dataset/annotation/1621.json
AIDE_Dataset/1518/,AIDE_Dataset/annotation/1518.json
AIDE_Dataset/2864/,AIDE_Dataset/annotation/2864.json
AIDE_Dataset/0342/,AIDE_Dataset/annotation/0342.json
AIDE_Dataset/2456/,AIDE_Dataset/annotation/2456.json
AIDE_Dataset/2742/,AIDE_Dataset/annotation/2742.json
AIDE_Dataset/2905/,AIDE_Dataset/annotation/2905.json
AIDE_Dataset/0028/,AIDE_Dataset/annotation/0028.json
AIDE_Dataset/0661/,AIDE_Dataset/annotation/0661.json
AIDE_Dataset/2850/,AIDE_Dataset/annotation/2850.json
AIDE_Dataset/1409/,AIDE_Dataset/annotation/1409.json
AIDE_Dataset/0140/,AIDE_Dataset/annotation/0140.json
AIDE_Dataset/2747/,AIDE_Dataset/annotation/2747.json
AIDE_Dataset/2458/,AIDE_Dataset/annotation/2458.json
AIDE_Dataset/1450/,AIDE_Dataset/annotation/1450.json
AIDE_Dataset/2615/,AIDE_Dataset/annotation/2615.json
AIDE_Dataset/1165/,AIDE_Dataset/annotation/1165.json
AIDE_Dataset/1837/,AIDE_Dataset/annotation/1837.json
AIDE_Dataset/2940/,AIDE_Dataset/annotation/2940.json
AIDE_Dataset/3058/,AIDE_Dataset/annotation/3058.json
AIDE_Dataset/2778/,AIDE_Dataset/annotation/2778.json
AIDE_Dataset/0596/,AIDE_Dataset/annotation/0596.json
AIDE_Dataset/0349/,AIDE_Dataset/annotation/0349.json
AIDE_Dataset/1776/,AIDE_Dataset/annotation/1776.json
AIDE_Dataset/2270/,AIDE_Dataset/annotation/2270.json
AIDE_Dataset/0331/,AIDE_Dataset/annotation/0331.json
AIDE_Dataset/0591/,AIDE_Dataset/annotation/0591.json
AIDE_Dataset/2812/,AIDE_Dataset/annotation/2812.json
AIDE_Dataset/0390/,AIDE_Dataset/annotation/0390.json
AIDE_Dataset/1230/,AIDE_Dataset/annotation/1230.json
AIDE_Dataset/1633/,AIDE_Dataset/annotation/1633.json
AIDE_Dataset/2473/,AIDE_Dataset/annotation/2473.json
AIDE_Dataset/1606/,AIDE_Dataset/annotation/1606.json
AIDE_Dataset/2545/,AIDE_Dataset/annotation/2545.json
AIDE_Dataset/0023/,AIDE_Dataset/annotation/0023.json
AIDE_Dataset/1220/,AIDE_Dataset/annotation/1220.json
AIDE_Dataset/1373/,AIDE_Dataset/annotation/1373.json
AIDE_Dataset/1551/,AIDE_Dataset/annotation/1551.json
AIDE_Dataset/0299/,AIDE_Dataset/annotation/0299.json
AIDE_Dataset/1309/,AIDE_Dataset/annotation/1309.json
AIDE_Dataset/1039/,AIDE_Dataset/annotation/1039.json
AIDE_Dataset/0610/,AIDE_Dataset/annotation/0610.json
AIDE_Dataset/1947/,AIDE_Dataset/annotation/1947.json
AIDE_Dataset/2861/,AIDE_Dataset/annotation/2861.json
AIDE_Dataset/2574/,AIDE_Dataset/annotation/2574.json
AIDE_Dataset/0069/,AIDE_Dataset/annotation/0069.json
AIDE_Dataset/0293/,AIDE_Dataset/annotation/0293.json
AIDE_Dataset/0917/,AIDE_Dataset/annotation/0917.json
AIDE_Dataset/3035/,AIDE_Dataset/annotation/3035.json
AIDE_Dataset/2877/,AIDE_Dataset/annotation/2877.json
AIDE_Dataset/1708/,AIDE_Dataset/annotation/1708.json
AIDE_Dataset/2676/,AIDE_Dataset/annotation/2676.json
AIDE_Dataset/0031/,AIDE_Dataset/annotation/0031.json
AIDE_Dataset/1665/,AIDE_Dataset/annotation/1665.json
AIDE_Dataset/0134/,AIDE_Dataset/annotation/0134.json
AIDE_Dataset/2764/,AIDE_Dataset/annotation/2764.json
AIDE_Dataset/0327/,AIDE_Dataset/annotation/0327.json
AIDE_Dataset/0302/,AIDE_Dataset/annotation/0302.json
AIDE_Dataset/1966/,AIDE_Dataset/annotation/1966.json
AIDE_Dataset/0395/,AIDE_Dataset/annotation/0395.json
AIDE_Dataset/1646/,AIDE_Dataset/annotation/1646.json
AIDE_Dataset/2723/,AIDE_Dataset/annotation/2723.json
AIDE_Dataset/1334/,AIDE_Dataset/annotation/1334.json
AIDE_Dataset/2783/,AIDE_Dataset/annotation/2783.json
AIDE_Dataset/2614/,AIDE_Dataset/annotation/2614.json
AIDE_Dataset/0402/,AIDE_Dataset/annotation/0402.json
AIDE_Dataset/1126/,AIDE_Dataset/annotation/1126.json
AIDE_Dataset/0157/,AIDE_Dataset/annotation/0157.json
AIDE_Dataset/2436/,AIDE_Dataset/annotation/2436.json
AIDE_Dataset/1535/,AIDE_Dataset/annotation/1535.json
AIDE_Dataset/2170/,AIDE_Dataset/annotation/2170.json
AIDE_Dataset/1063/,AIDE_Dataset/annotation/1063.json
AIDE_Dataset/0609/,AIDE_Dataset/annotation/0609.json
AIDE_Dataset/0646/,AIDE_Dataset/annotation/0646.json
AIDE_Dataset/1408/,AIDE_Dataset/annotation/1408.json
AIDE_Dataset/1076/,AIDE_Dataset/annotation/1076.json
AIDE_Dataset/1628/,AIDE_Dataset/annotation/1628.json
AIDE_Dataset/1796/,AIDE_Dataset/annotation/1796.json
AIDE_Dataset/2416/,AIDE_Dataset/annotation/2416.json
AIDE_Dataset/2712/,AIDE_Dataset/annotation/2712.json
AIDE_Dataset/1558/,AIDE_Dataset/annotation/1558.json
AIDE_Dataset/2691/,AIDE_Dataset/annotation/2691.json
AIDE_Dataset/1984/,AIDE_Dataset/annotation/1984.json
AIDE_Dataset/1269/,AIDE_Dataset/annotation/1269.json
AIDE_Dataset/0902/,AIDE_Dataset/annotation/0902.json
AIDE_Dataset/2646/,AIDE_Dataset/annotation/2646.json
AIDE_Dataset/2792/,AIDE_Dataset/annotation/2792.json
AIDE_Dataset/0179/,AIDE_Dataset/annotation/0179.json
AIDE_Dataset/1485/,AIDE_Dataset/annotation/1485.json
AIDE_Dataset/1106/,AIDE_Dataset/annotation/1106.json
AIDE_Dataset/1345/,AIDE_Dataset/annotation/1345.json
AIDE_Dataset/2138/,AIDE_Dataset/annotation/2138.json
AIDE_Dataset/0412/,AIDE_Dataset/annotation/0412.json
AIDE_Dataset/2125/,AIDE_Dataset/annotation/2125.json
AIDE_Dataset/1174/,AIDE_Dataset/annotation/1174.json
AIDE_Dataset/3062/,AIDE_Dataset/annotation/3062.json
AIDE_Dataset/2806/,AIDE_Dataset/annotation/2806.json
AIDE_Dataset/2308/,AIDE_Dataset/annotation/2308.json
AIDE_Dataset/1192/,AIDE_Dataset/annotation/1192.json
AIDE_Dataset/1010/,AIDE_Dataset/annotation/1010.json
AIDE_Dataset/2688/,AIDE_Dataset/annotation/2688.json
AIDE_Dataset/1466/,AIDE_Dataset/annotation/1466.json
AIDE_Dataset/0211/,AIDE_Dataset/annotation/0211.json
AIDE_Dataset/0100/,AIDE_Dataset/annotation/0100.json
AIDE_Dataset/2228/,AIDE_Dataset/annotation/2228.json
AIDE_Dataset/0989/,AIDE_Dataset/annotation/0989.json
AIDE_Dataset/0496/,AIDE_Dataset/annotation/0496.json
AIDE_Dataset/0365/,AIDE_Dataset/annotation/0365.json
AIDE_Dataset/1228/,AIDE_Dataset/annotation/1228.json
AIDE_Dataset/2479/,AIDE_Dataset/annotation/2479.json
AIDE_Dataset/2316/,AIDE_Dataset/annotation/2316.json
AIDE_Dataset/0536/,AIDE_Dataset/annotation/0536.json
AIDE_Dataset/1757/,AIDE_Dataset/annotation/1757.json
AIDE_Dataset/1805/,AIDE_Dataset/annotation/1805.json
AIDE_Dataset/0513/,AIDE_Dataset/annotation/0513.json
AIDE_Dataset/1573/,AIDE_Dataset/annotation/1573.json
AIDE_Dataset/1755/,AIDE_Dataset/annotation/1755.json
AIDE_Dataset/2429/,AIDE_Dataset/annotation/2429.json
AIDE_Dataset/1673/,AIDE_Dataset/annotation/1673.json
AIDE_Dataset/2919/,AIDE_Dataset/annotation/2919.json
AIDE_Dataset/2828/,AIDE_Dataset/annotation/2828.json
AIDE_Dataset/0040/,AIDE_Dataset/annotation/0040.json
AIDE_Dataset/1164/,AIDE_Dataset/annotation/1164.json
AIDE_Dataset/2560/,AIDE_Dataset/annotation/2560.json
AIDE_Dataset/1519/,AIDE_Dataset/annotation/1519.json
AIDE_Dataset/0616/,AIDE_Dataset/annotation/0616.json
AIDE_Dataset/2587/,AIDE_Dataset/annotation/2587.json
AIDE_Dataset/1773/,AIDE_Dataset/annotation/1773.json
AIDE_Dataset/1894/,AIDE_Dataset/annotation/1894.json
AIDE_Dataset/0535/,AIDE_Dataset/annotation/0535.json
AIDE_Dataset/1248/,AIDE_Dataset/annotation/1248.json
AIDE_Dataset/1676/,AIDE_Dataset/annotation/1676.json
AIDE_Dataset/0718/,AIDE_Dataset/annotation/0718.json
AIDE_Dataset/0870/,AIDE_Dataset/annotation/0870.json
AIDE_Dataset/1372/,AIDE_Dataset/annotation/1372.json
AIDE_Dataset/2267/,AIDE_Dataset/annotation/2267.json
AIDE_Dataset/0842/,AIDE_Dataset/annotation/0842.json
AIDE_Dataset/0843/,AIDE_Dataset/annotation/0843.json
AIDE_Dataset/1963/,AIDE_Dataset/annotation/1963.json
AIDE_Dataset/2987/,AIDE_Dataset/annotation/2987.json
AIDE_Dataset/0564/,AIDE_Dataset/annotation/0564.json
AIDE_Dataset/0201/,AIDE_Dataset/annotation/0201.json
AIDE_Dataset/2547/,AIDE_Dataset/annotation/2547.json
AIDE_Dataset/1400/,AIDE_Dataset/annotation/1400.json
AIDE_Dataset/1988/,AIDE_Dataset/annotation/1988.json
AIDE_Dataset/2294/,AIDE_Dataset/annotation/2294.json
AIDE_Dataset/0557/,AIDE_Dataset/annotation/0557.json
AIDE_Dataset/2227/,AIDE_Dataset/annotation/2227.json
AIDE_Dataset/0404/,AIDE_Dataset/annotation/0404.json
AIDE_Dataset/0195/,AIDE_Dataset/annotation/0195.json
AIDE_Dataset/2162/,AIDE_Dataset/annotation/2162.json
AIDE_Dataset/2819/,AIDE_Dataset/annotation/2819.json
AIDE_Dataset/1685/,AIDE_Dataset/annotation/1685.json
AIDE_Dataset/2597/,AIDE_Dataset/annotation/2597.json
AIDE_Dataset/3016/,AIDE_Dataset/annotation/3016.json
AIDE_Dataset/1145/,AIDE_Dataset/annotation/1145.json
AIDE_Dataset/0417/,AIDE_Dataset/annotation/0417.json
AIDE_Dataset/1279/,AIDE_Dataset/annotation/1279.json
AIDE_Dataset/1732/,AIDE_Dataset/annotation/1732.json
AIDE_Dataset/1782/,AIDE_Dataset/annotation/1782.json
AIDE_Dataset/2090/,AIDE_Dataset/annotation/2090.json
AIDE_Dataset/2779/,AIDE_Dataset/annotation/2779.json
AIDE_Dataset/2573/,AIDE_Dataset/annotation/2573.json
AIDE_Dataset/2342/,AIDE_Dataset/annotation/2342.json
AIDE_Dataset/2274/,AIDE_Dataset/annotation/2274.json
AIDE_Dataset/2285/,AIDE_Dataset/annotation/2285.json
AIDE_Dataset/1509/,AIDE_Dataset/annotation/1509.json
AIDE_Dataset/1354/,AIDE_Dataset/annotation/1354.json
AIDE_Dataset/2089/,AIDE_Dataset/annotation/2089.json
AIDE_Dataset/0161/,AIDE_Dataset/annotation/0161.json
AIDE_Dataset/2596/,AIDE_Dataset/annotation/2596.json
AIDE_Dataset/1870/,AIDE_Dataset/annotation/1870.json
AIDE_Dataset/1671/,AIDE_Dataset/annotation/1671.json
AIDE_Dataset/0897/,AIDE_Dataset/annotation/0897.json
AIDE_Dataset/0214/,AIDE_Dataset/annotation/0214.json
AIDE_Dataset/2740/,AIDE_Dataset/annotation/2740.json
AIDE_Dataset/2074/,AIDE_Dataset/annotation/2074.json
AIDE_Dataset/2628/,AIDE_Dataset/annotation/2628.json
AIDE_Dataset/3048/,AIDE_Dataset/annotation/3048.json
AIDE_Dataset/0246/,AIDE_Dataset/annotation/0246.json
AIDE_Dataset/1669/,AIDE_Dataset/annotation/1669.json
AIDE_Dataset/0163/,AIDE_Dataset/annotation/0163.json
AIDE_Dataset/2581/,AIDE_Dataset/annotation/2581.json
AIDE_Dataset/1961/,AIDE_Dataset/annotation/1961.json
AIDE_Dataset/1402/,AIDE_Dataset/annotation/1402.json
AIDE_Dataset/0938/,AIDE_Dataset/annotation/0938.json
AIDE_Dataset/2829/,AIDE_Dataset/annotation/2829.json
AIDE_Dataset/1620/,AIDE_Dataset/annotation/1620.json
AIDE_Dataset/2124/,AIDE_Dataset/annotation/2124.json
AIDE_Dataset/1878/,AIDE_Dataset/annotation/1878.json
AIDE_Dataset/2830/,AIDE_Dataset/annotation/2830.json
AIDE_Dataset/2964/,AIDE_Dataset/annotation/2964.json
AIDE_Dataset/0730/,AIDE_Dataset/annotation/0730.json
AIDE_Dataset/1151/,AIDE_Dataset/annotation/1151.json
AIDE_Dataset/2113/,AIDE_Dataset/annotation/2113.json
AIDE_Dataset/2330/,AIDE_Dataset/annotation/2330.json
AIDE_Dataset/0148/,AIDE_Dataset/annotation/0148.json
AIDE_Dataset/1948/,AIDE_Dataset/annotation/1948.json
AIDE_Dataset/0352/,AIDE_Dataset/annotation/0352.json
AIDE_Dataset/0717/,AIDE_Dataset/annotation/0717.json
AIDE_Dataset/0042/,AIDE_Dataset/annotation/0042.json
AIDE_Dataset/1989/,AIDE_Dataset/annotation/1989.json
AIDE_Dataset/2575/,AIDE_Dataset/annotation/2575.json
AIDE_Dataset/1976/,AIDE_Dataset/annotation/1976.json
AIDE_Dataset/1167/,AIDE_Dataset/annotation/1167.json
AIDE_Dataset/0683/,AIDE_Dataset/annotation/0683.json
AIDE_Dataset/1807/,AIDE_Dataset/annotation/1807.json
AIDE_Dataset/0809/,AIDE_Dataset/annotation/0809.json
AIDE_Dataset/2409/,AIDE_Dataset/annotation/2409.json
AIDE_Dataset/0844/,AIDE_Dataset/annotation/0844.json
AIDE_Dataset/0239/,AIDE_Dataset/annotation/0239.json
AIDE_Dataset/0270/,AIDE_Dataset/annotation/0270.json
AIDE_Dataset/0386/,AIDE_Dataset/annotation/0386.json
AIDE_Dataset/2644/,AIDE_Dataset/annotation/2644.json
AIDE_Dataset/1277/,AIDE_Dataset/annotation/1277.json
AIDE_Dataset/2773/,AIDE_Dataset/annotation/2773.json
AIDE_Dataset/2382/,AIDE_Dataset/annotation/2382.json
AIDE_Dataset/1529/,AIDE_Dataset/annotation/1529.json
AIDE_Dataset/0654/,AIDE_Dataset/annotation/0654.json
AIDE_Dataset/1507/,AIDE_Dataset/annotation/1507.json
AIDE_Dataset/2934/,AIDE_Dataset/annotation/2934.json
AIDE_Dataset/0515/,AIDE_Dataset/annotation/0515.json
AIDE_Dataset/3029/,AIDE_Dataset/annotation/3029.json
AIDE_Dataset/0581/,AIDE_Dataset/annotation/0581.json
AIDE_Dataset/2265/,AIDE_Dataset/annotation/2265.json
AIDE_Dataset/2706/,AIDE_Dataset/annotation/2706.json
AIDE_Dataset/1420/,AIDE_Dataset/annotation/1420.json
AIDE_Dataset/2419/,AIDE_Dataset/annotation/2419.json
AIDE_Dataset/0544/,AIDE_Dataset/annotation/0544.json
AIDE_Dataset/0250/,AIDE_Dataset/annotation/0250.json
AIDE_Dataset/0186/,AIDE_Dataset/annotation/0186.json
AIDE_Dataset/2579/,AIDE_Dataset/annotation/2579.json
AIDE_Dataset/1049/,AIDE_Dataset/annotation/1049.json
AIDE_Dataset/1657/,AIDE_Dataset/annotation/1657.json
AIDE_Dataset/0573/,AIDE_Dataset/annotation/0573.json
AIDE_Dataset/0316/,AIDE_Dataset/annotation/0316.json
AIDE_Dataset/0449/,AIDE_Dataset/annotation/0449.json
AIDE_Dataset/2662/,AIDE_Dataset/annotation/2662.json
AIDE_Dataset/1530/,AIDE_Dataset/annotation/1530.json
AIDE_Dataset/1374/,AIDE_Dataset/annotation/1374.json
AIDE_Dataset/1684/,AIDE_Dataset/annotation/1684.json
AIDE_Dataset/2789/,AIDE_Dataset/annotation/2789.json
AIDE_Dataset/1561/,AIDE_Dataset/annotation/1561.json
AIDE_Dataset/2528/,AIDE_Dataset/annotation/2528.json
AIDE_Dataset/0489/,AIDE_Dataset/annotation/0489.json
AIDE_Dataset/1745/,AIDE_Dataset/annotation/1745.json
AIDE_Dataset/2883/,AIDE_Dataset/annotation/2883.json
AIDE_Dataset/0963/,AIDE_Dataset/annotation/0963.json
AIDE_Dataset/1627/,AIDE_Dataset/annotation/1627.json
AIDE_Dataset/2535/,AIDE_Dataset/annotation/2535.json
AIDE_Dataset/0079/,AIDE_Dataset/annotation/0079.json
AIDE_Dataset/1307/,AIDE_Dataset/annotation/1307.json
AIDE_Dataset/2002/,AIDE_Dataset/annotation/2002.json
AIDE_Dataset/0298/,AIDE_Dataset/annotation/0298.json
AIDE_Dataset/1995/,AIDE_Dataset/annotation/1995.json
AIDE_Dataset/0469/,AIDE_Dataset/annotation/0469.json
AIDE_Dataset/1804/,AIDE_Dataset/annotation/1804.json
AIDE_Dataset/1499/,AIDE_Dataset/annotation/1499.json
AIDE_Dataset/1532/,AIDE_Dataset/annotation/1532.json
AIDE_Dataset/2884/,AIDE_Dataset/annotation/2884.json
AIDE_Dataset/0198/,AIDE_Dataset/annotation/0198.json
AIDE_Dataset/1754/,AIDE_Dataset/annotation/1754.json
AIDE_Dataset/1526/,AIDE_Dataset/annotation/1526.json
AIDE_Dataset/1381/,AIDE_Dataset/annotation/1381.json
AIDE_Dataset/2433/,AIDE_Dataset/annotation/2433.json
AIDE_Dataset/2480/,AIDE_Dataset/annotation/2480.json
AIDE_Dataset/1337/,AIDE_Dataset/annotation/1337.json
AIDE_Dataset/1127/,AIDE_Dataset/annotation/1127.json
AIDE_Dataset/1153/,AIDE_Dataset/annotation/1153.json
AIDE_Dataset/2200/,AIDE_Dataset/annotation/2200.json
AIDE_Dataset/0882/,AIDE_Dataset/annotation/0882.json
AIDE_Dataset/1941/,AIDE_Dataset/annotation/1941.json
AIDE_Dataset/1572/,AIDE_Dataset/annotation/1572.json
AIDE_Dataset/0244/,AIDE_Dataset/annotation/0244.json
AIDE_Dataset/2224/,AIDE_Dataset/annotation/2224.json
AIDE_Dataset/0883/,AIDE_Dataset/annotation/0883.json
AIDE_Dataset/0014/,AIDE_Dataset/annotation/0014.json
AIDE_Dataset/1760/,AIDE_Dataset/annotation/1760.json
AIDE_Dataset/0282/,AIDE_Dataset/annotation/0282.json
AIDE_Dataset/1577/,AIDE_Dataset/annotation/1577.json
AIDE_Dataset/0495/,AIDE_Dataset/annotation/0495.json
AIDE_Dataset/0594/,AIDE_Dataset/annotation/0594.json
AIDE_Dataset/0174/,AIDE_Dataset/annotation/0174.json
AIDE_Dataset/2685/,AIDE_Dataset/annotation/2685.json
AIDE_Dataset/0911/,AIDE_Dataset/annotation/0911.json
AIDE_Dataset/0454/,AIDE_Dataset/annotation/0454.json
AIDE_Dataset/1960/,AIDE_Dataset/annotation/1960.json
AIDE_Dataset/0667/,AIDE_Dataset/annotation/0667.json
AIDE_Dataset/0284/,AIDE_Dataset/annotation/0284.json
AIDE_Dataset/2527/,AIDE_Dataset/annotation/2527.json
AIDE_Dataset/0852/,AIDE_Dataset/annotation/0852.json
AIDE_Dataset/2796/,AIDE_Dataset/annotation/2796.json
AIDE_Dataset/1120/,AIDE_Dataset/annotation/1120.json
AIDE_Dataset/1161/,AIDE_Dataset/annotation/1161.json
AIDE_Dataset/1315/,AIDE_Dataset/annotation/1315.json
AIDE_Dataset/2063/,AIDE_Dataset/annotation/2063.json
AIDE_Dataset/0272/,AIDE_Dataset/annotation/0272.json
AIDE_Dataset/1003/,AIDE_Dataset/annotation/1003.json
AIDE_Dataset/0830/,AIDE_Dataset/annotation/0830.json
AIDE_Dataset/0823/,AIDE_Dataset/annotation/0823.json
AIDE_Dataset/1128/,AIDE_Dataset/annotation/1128.json
AIDE_Dataset/0428/,AIDE_Dataset/annotation/0428.json
AIDE_Dataset/1874/,AIDE_Dataset/annotation/1874.json
AIDE_Dataset/0377/,AIDE_Dataset/annotation/0377.json
AIDE_Dataset/0338/,AIDE_Dataset/annotation/0338.json
AIDE_Dataset/0088/,AIDE_Dataset/annotation/0088.json
AIDE_Dataset/1125/,AIDE_Dataset/annotation/1125.json
AIDE_Dataset/1821/,AIDE_Dataset/annotation/1821.json
AIDE_Dataset/2701/,AIDE_Dataset/annotation/2701.json
AIDE_Dataset/2858/,AIDE_Dataset/annotation/2858.json
AIDE_Dataset/0744/,AIDE_Dataset/annotation/0744.json
AIDE_Dataset/2477/,AIDE_Dataset/annotation/2477.json
AIDE_Dataset/1481/,AIDE_Dataset/annotation/1481.json
AIDE_Dataset/2922/,AIDE_Dataset/annotation/2922.json
AIDE_Dataset/2677/,AIDE_Dataset/annotation/2677.json
AIDE_Dataset/1839/,AIDE_Dataset/annotation/1839.json
AIDE_Dataset/2106/,AIDE_Dataset/annotation/2106.json
AIDE_Dataset/2459/,AIDE_Dataset/annotation/2459.json
AIDE_Dataset/0533/,AIDE_Dataset/annotation/0533.json
AIDE_Dataset/0740/,AIDE_Dataset/annotation/0740.json
AIDE_Dataset/1595/,AIDE_Dataset/annotation/1595.json
AIDE_Dataset/2422/,AIDE_Dataset/annotation/2422.json
AIDE_Dataset/0405/,AIDE_Dataset/annotation/0405.json
AIDE_Dataset/0392/,AIDE_Dataset/annotation/0392.json
AIDE_Dataset/1724/,AIDE_Dataset/annotation/1724.json
AIDE_Dataset/1078/,AIDE_Dataset/annotation/1078.json
AIDE_Dataset/1814/,AIDE_Dataset/annotation/1814.json
AIDE_Dataset/2537/,AIDE_Dataset/annotation/2537.json
AIDE_Dataset/1357/,AIDE_Dataset/annotation/1357.json
AIDE_Dataset/1138/,AIDE_Dataset/annotation/1138.json
AIDE_Dataset/0182/,AIDE_Dataset/annotation/0182.json
AIDE_Dataset/0445/,AIDE_Dataset/annotation/0445.json
AIDE_Dataset/0662/,AIDE_Dataset/annotation/0662.json
AIDE_Dataset/2711/,AIDE_Dataset/annotation/2711.json
AIDE_Dataset/0889/,AIDE_Dataset/annotation/0889.json
AIDE_Dataset/1653/,AIDE_Dataset/annotation/1653.json
AIDE_Dataset/1819/,AIDE_Dataset/annotation/1819.json
AIDE_Dataset/1758/,AIDE_Dataset/annotation/1758.json
AIDE_Dataset/2621/,AIDE_Dataset/annotation/2621.json
AIDE_Dataset/1656/,AIDE_Dataset/annotation/1656.json
AIDE_Dataset/1838/,AIDE_Dataset/annotation/1838.json
AIDE_Dataset/0733/,AIDE_Dataset/annotation/0733.json
AIDE_Dataset/2748/,AIDE_Dataset/annotation/2748.json
AIDE_Dataset/0266/,AIDE_Dataset/annotation/0266.json
AIDE_Dataset/2675/,AIDE_Dataset/annotation/2675.json
AIDE_Dataset/1566/,AIDE_Dataset/annotation/1566.json
AIDE_Dataset/2122/,AIDE_Dataset/annotation/2122.json
AIDE_Dataset/1585/,AIDE_Dataset/annotation/1585.json
AIDE_Dataset/3045/,AIDE_Dataset/annotation/3045.json
AIDE_Dataset/0617/,AIDE_Dataset/annotation/0617.json
AIDE_Dataset/0685/,AIDE_Dataset/annotation/0685.json
AIDE_Dataset/1780/,AIDE_Dataset/annotation/1780.json
AIDE_Dataset/0058/,AIDE_Dataset/annotation/0058.json
AIDE_Dataset/1826/,AIDE_Dataset/annotation/1826.json
AIDE_Dataset/2039/,AIDE_Dataset/annotation/2039.json
AIDE_Dataset/1929/,AIDE_Dataset/annotation/1929.json
AIDE_Dataset/1977/,AIDE_Dataset/annotation/1977.json
AIDE_Dataset/0955/,AIDE_Dataset/annotation/0955.json
AIDE_Dataset/0215/,AIDE_Dataset/annotation/0215.json
AIDE_Dataset/1013/,AIDE_Dataset/annotation/1013.json
AIDE_Dataset/0952/,AIDE_Dataset/annotation/0952.json
AIDE_Dataset/1683/,AIDE_Dataset/annotation/1683.json
AIDE_Dataset/1743/,AIDE_Dataset/annotation/1743.json
AIDE_Dataset/0378/,AIDE_Dataset/annotation/0378.json
AIDE_Dataset/1284/,AIDE_Dataset/annotation/1284.json
AIDE_Dataset/1674/,AIDE_Dataset/annotation/1674.json
AIDE_Dataset/2401/,AIDE_Dataset/annotation/2401.json
AIDE_Dataset/0453/,AIDE_Dataset/annotation/0453.json
AIDE_Dataset/1794/,AIDE_Dataset/annotation/1794.json
AIDE_Dataset/2870/,AIDE_Dataset/annotation/2870.json
AIDE_Dataset/1979/,AIDE_Dataset/annotation/1979.json
AIDE_Dataset/2100/,AIDE_Dataset/annotation/2100.json
AIDE_Dataset/1388/,AIDE_Dataset/annotation/1388.json
AIDE_Dataset/0257/,AIDE_Dataset/annotation/0257.json
AIDE_Dataset/2813/,AIDE_Dataset/annotation/2813.json
AIDE_Dataset/2838/,AIDE_Dataset/annotation/2838.json
AIDE_Dataset/2639/,AIDE_Dataset/annotation/2639.json
AIDE_Dataset/0886/,AIDE_Dataset/annotation/0886.json
AIDE_Dataset/2915/,AIDE_Dataset/annotation/2915.json
AIDE_Dataset/0167/,AIDE_Dataset/annotation/0167.json
AIDE_Dataset/0226/,AIDE_Dataset/annotation/0226.json
AIDE_Dataset/0036/,AIDE_Dataset/annotation/0036.json
AIDE_Dataset/2261/,AIDE_Dataset/annotation/2261.json
AIDE_Dataset/1734/,AIDE_Dataset/annotation/1734.json
AIDE_Dataset/0828/,AIDE_Dataset/annotation/0828.json
AIDE_Dataset/1718/,AIDE_Dataset/annotation/1718.json
AIDE_Dataset/2192/,AIDE_Dataset/annotation/2192.json
AIDE_Dataset/1959/,AIDE_Dataset/annotation/1959.json
AIDE_Dataset/2961/,AIDE_Dataset/annotation/2961.json
AIDE_Dataset/2207/,AIDE_Dataset/annotation/2207.json
AIDE_Dataset/2941/,AIDE_Dataset/annotation/2941.json
AIDE_Dataset/2460/,AIDE_Dataset/annotation/2460.json
AIDE_Dataset/1571/,AIDE_Dataset/annotation/1571.json
AIDE_Dataset/2959/,AIDE_Dataset/annotation/2959.json
AIDE_Dataset/0944/,AIDE_Dataset/annotation/0944.json
AIDE_Dataset/3012/,AIDE_Dataset/annotation/3012.json
AIDE_Dataset/1111/,AIDE_Dataset/annotation/1111.json
AIDE_Dataset/1216/,AIDE_Dataset/annotation/1216.json
AIDE_Dataset/2899/,AIDE_Dataset/annotation/2899.json
AIDE_Dataset/0087/,AIDE_Dataset/annotation/0087.json
AIDE_Dataset/2510/,AIDE_Dataset/annotation/2510.json
AIDE_Dataset/0479/,AIDE_Dataset/annotation/0479.json
AIDE_Dataset/1326/,AIDE_Dataset/annotation/1326.json
AIDE_Dataset/1973/,AIDE_Dataset/annotation/1973.json
AIDE_Dataset/0995/,AIDE_Dataset/annotation/0995.json
AIDE_Dataset/0984/,AIDE_Dataset/annotation/0984.json
AIDE_Dataset/1303/,AIDE_Dataset/annotation/1303.json
AIDE_Dataset/0021/,AIDE_Dataset/annotation/0021.json
AIDE_Dataset/2075/,AIDE_Dataset/annotation/2075.json
AIDE_Dataset/0540/,AIDE_Dataset/annotation/0540.json
AIDE_Dataset/2280/,AIDE_Dataset/annotation/2280.json
AIDE_Dataset/0095/,AIDE_Dataset/annotation/0095.json
AIDE_Dataset/0414/,AIDE_Dataset/annotation/0414.json
AIDE_Dataset/2866/,AIDE_Dataset/annotation/2866.json
AIDE_Dataset/0571/,AIDE_Dataset/annotation/0571.json
AIDE_Dataset/3053/,AIDE_Dataset/annotation/3053.json
AIDE_Dataset/1312/,AIDE_Dataset/annotation/1312.json
AIDE_Dataset/0864/,AIDE_Dataset/annotation/0864.json
AIDE_Dataset/0774/,AIDE_Dataset/annotation/0774.json
AIDE_Dataset/2066/,AIDE_Dataset/annotation/2066.json
AIDE_Dataset/1333/,AIDE_Dataset/annotation/1333.json
AIDE_Dataset/2085/,AIDE_Dataset/annotation/2085.json
AIDE_Dataset/3042/,AIDE_Dataset/annotation/3042.json
AIDE_Dataset/2349/,AIDE_Dataset/annotation/2349.json
AIDE_Dataset/1613/,AIDE_Dataset/annotation/1613.json
AIDE_Dataset/3014/,AIDE_Dataset/annotation/3014.json
AIDE_Dataset/0759/,AIDE_Dataset/annotation/0759.json
AIDE_Dataset/2392/,AIDE_Dataset/annotation/2392.json
AIDE_Dataset/2769/,AIDE_Dataset/annotation/2769.json
AIDE_Dataset/1143/,AIDE_Dataset/annotation/1143.json
AIDE_Dataset/3061/,AIDE_Dataset/annotation/3061.json
AIDE_Dataset/0457/,AIDE_Dataset/annotation/0457.json
AIDE_Dataset/0754/,AIDE_Dataset/annotation/0754.json
AIDE_Dataset/0525/,AIDE_Dataset/annotation/0525.json
AIDE_Dataset/2795/,AIDE_Dataset/annotation/2795.json
AIDE_Dataset/2909/,AIDE_Dataset/annotation/2909.json
AIDE_Dataset/2469/,AIDE_Dataset/annotation/2469.json
AIDE_Dataset/1045/,AIDE_Dataset/annotation/1045.json
AIDE_Dataset/1150/,AIDE_Dataset/annotation/1150.json
AIDE_Dataset/0502/,AIDE_Dataset/annotation/0502.json
AIDE_Dataset/2833/,AIDE_Dataset/annotation/2833.json
AIDE_Dataset/1632/,AIDE_Dataset/annotation/1632.json
AIDE_Dataset/0908/,AIDE_Dataset/annotation/0908.json
AIDE_Dataset/1943/,AIDE_Dataset/annotation/1943.json
AIDE_Dataset/1502/,AIDE_Dataset/annotation/1502.json
AIDE_Dataset/2671/,AIDE_Dataset/annotation/2671.json
AIDE_Dataset/1649/,AIDE_Dataset/annotation/1649.json
AIDE_Dataset/1237/,AIDE_Dataset/annotation/1237.json
AIDE_Dataset/1244/,AIDE_Dataset/annotation/1244.json
AIDE_Dataset/2438/,AIDE_Dataset/annotation/2438.json
AIDE_Dataset/2625/,AIDE_Dataset/annotation/2625.json
AIDE_Dataset/1803/,AIDE_Dataset/annotation/1803.json
AIDE_Dataset/2860/,AIDE_Dataset/annotation/2860.json
AIDE_Dataset/2234/,AIDE_Dataset/annotation/2234.json
AIDE_Dataset/2762/,AIDE_Dataset/annotation/2762.json
AIDE_Dataset/1385/,AIDE_Dataset/annotation/1385.json
AIDE_Dataset/1317/,AIDE_Dataset/annotation/1317.json
AIDE_Dataset/2755/,AIDE_Dataset/annotation/2755.json
AIDE_Dataset/1749/,AIDE_Dataset/annotation/1749.json
AIDE_Dataset/3026/,AIDE_Dataset/annotation/3026.json
AIDE_Dataset/1325/,AIDE_Dataset/annotation/1325.json
AIDE_Dataset/1435/,AIDE_Dataset/annotation/1435.json
AIDE_Dataset/0979/,AIDE_Dataset/annotation/0979.json
AIDE_Dataset/1589/,AIDE_Dataset/annotation/1589.json
AIDE_Dataset/1925/,AIDE_Dataset/annotation/1925.json
AIDE_Dataset/3033/,AIDE_Dataset/annotation/3033.json
AIDE_Dataset/1383/,AIDE_Dataset/annotation/1383.json
AIDE_Dataset/1121/,AIDE_Dataset/annotation/1121.json
AIDE_Dataset/2087/,AIDE_Dataset/annotation/2087.json
AIDE_Dataset/3044/,AIDE_Dataset/annotation/3044.json
AIDE_Dataset/1525/,AIDE_Dataset/annotation/1525.json
AIDE_Dataset/2666/,AIDE_Dataset/annotation/2666.json
AIDE_Dataset/1207/,AIDE_Dataset/annotation/1207.json
AIDE_Dataset/0825/,AIDE_Dataset/annotation/0825.json
AIDE_Dataset/0553/,AIDE_Dataset/annotation/0553.json
AIDE_Dataset/1474/,AIDE_Dataset/annotation/1474.json
AIDE_Dataset/2496/,AIDE_Dataset/annotation/2496.json
AIDE_Dataset/0473/,AIDE_Dataset/annotation/0473.json
AIDE_Dataset/2901/,AIDE_Dataset/annotation/2901.json
AIDE_Dataset/0869/,AIDE_Dataset/annotation/0869.json
AIDE_Dataset/2624/,AIDE_Dataset/annotation/2624.json
AIDE_Dataset/1187/,AIDE_Dataset/annotation/1187.json
AIDE_Dataset/1421/,AIDE_Dataset/annotation/1421.json
AIDE_Dataset/2403/,AIDE_Dataset/annotation/2403.json
AIDE_Dataset/0713/,AIDE_Dataset/annotation/0713.json
AIDE_Dataset/1786/,AIDE_Dataset/annotation/1786.json
AIDE_Dataset/1643/,AIDE_Dataset/annotation/1643.json
AIDE_Dataset/0104/,AIDE_Dataset/annotation/0104.json
AIDE_Dataset/2258/,AIDE_Dataset/annotation/2258.json
AIDE_Dataset/2599/,AIDE_Dataset/annotation/2599.json
AIDE_Dataset/2760/,AIDE_Dataset/annotation/2760.json
AIDE_Dataset/0570/,AIDE_Dataset/annotation/0570.json
AIDE_Dataset/2513/,AIDE_Dataset/annotation/2513.json
AIDE_Dataset/2955/,AIDE_Dataset/annotation/2955.json
AIDE_Dataset/0115/,AIDE_Dataset/annotation/0115.json
AIDE_Dataset/2584/,AIDE_Dataset/annotation/2584.json
AIDE_Dataset/0089/,AIDE_Dataset/annotation/0089.json
AIDE_Dataset/2958/,AIDE_Dataset/annotation/2958.json
AIDE_Dataset/0055/,AIDE_Dataset/annotation/0055.json
AIDE_Dataset/1296/,AIDE_Dataset/annotation/1296.json
AIDE_Dataset/0803/,AIDE_Dataset/annotation/0803.json
AIDE_Dataset/2476/,AIDE_Dataset/annotation/2476.json
AIDE_Dataset/2741/,AIDE_Dataset/annotation/2741.json
AIDE_Dataset/1094/,AIDE_Dataset/annotation/1094.json
AIDE_Dataset/1952/,AIDE_Dataset/annotation/1952.json
AIDE_Dataset/0288/,AIDE_Dataset/annotation/0288.json
AIDE_Dataset/0209/,AIDE_Dataset/annotation/0209.json
AIDE_Dataset/2917/,AIDE_Dataset/annotation/2917.json
AIDE_Dataset/0067/,AIDE_Dataset/annotation/0067.json
AIDE_Dataset/1316/,AIDE_Dataset/annotation/1316.json
AIDE_Dataset/2826/,AIDE_Dataset/annotation/2826.json
AIDE_Dataset/0260/,AIDE_Dataset/annotation/0260.json
AIDE_Dataset/2014/,AIDE_Dataset/annotation/2014.json
AIDE_Dataset/1393/,AIDE_Dataset/annotation/1393.json
AIDE_Dataset/1763/,AIDE_Dataset/annotation/1763.json
AIDE_Dataset/0160/,AIDE_Dataset/annotation/0160.json
AIDE_Dataset/1432/,AIDE_Dataset/annotation/1432.json
AIDE_Dataset/1339/,AIDE_Dataset/annotation/1339.json
AIDE_Dataset/2897/,AIDE_Dataset/annotation/2897.json
AIDE_Dataset/1711/,AIDE_Dataset/annotation/1711.json
AIDE_Dataset/2593/,AIDE_Dataset/annotation/2593.json
AIDE_Dataset/2439/,AIDE_Dataset/annotation/2439.json
AIDE_Dataset/2381/,AIDE_Dataset/annotation/2381.json
AIDE_Dataset/0510/,AIDE_Dataset/annotation/0510.json
AIDE_Dataset/0776/,AIDE_Dataset/annotation/0776.json
AIDE_Dataset/1023/,AIDE_Dataset/annotation/1023.json
AIDE_Dataset/1397/,AIDE_Dataset/annotation/1397.json
AIDE_Dataset/0153/,AIDE_Dataset/annotation/0153.json
AIDE_Dataset/1061/,AIDE_Dataset/annotation/1061.json
AIDE_Dataset/1516/,AIDE_Dataset/annotation/1516.json
AIDE_Dataset/0229/,AIDE_Dataset/annotation/0229.json
AIDE_Dataset/0024/,AIDE_Dataset/annotation/0024.json
AIDE_Dataset/1906/,AIDE_Dataset/annotation/1906.json
AIDE_Dataset/2985/,AIDE_Dataset/annotation/2985.json
AIDE_Dataset/0274/,AIDE_Dataset/annotation/0274.json
AIDE_Dataset/2281/,AIDE_Dataset/annotation/2281.json
AIDE_Dataset/1011/,AIDE_Dataset/annotation/1011.json
AIDE_Dataset/3034/,AIDE_Dataset/annotation/3034.json
AIDE_Dataset/1102/,AIDE_Dataset/annotation/1102.json
AIDE_Dataset/1913/,AIDE_Dataset/annotation/1913.json
AIDE_Dataset/1735/,AIDE_Dataset/annotation/1735.json
AIDE_Dataset/0805/,AIDE_Dataset/annotation/0805.json
AIDE_Dataset/1015/,AIDE_Dataset/annotation/1015.json
AIDE_Dataset/0107/,AIDE_Dataset/annotation/0107.json
AIDE_Dataset/1986/,AIDE_Dataset/annotation/1986.json
AIDE_Dataset/0151/,AIDE_Dataset/annotation/0151.json
AIDE_Dataset/1425/,AIDE_Dataset/annotation/1425.json
AIDE_Dataset/2442/,AIDE_Dataset/annotation/2442.json
AIDE_Dataset/2620/,AIDE_Dataset/annotation/2620.json
AIDE_Dataset/3001/,AIDE_Dataset/annotation/3001.json
AIDE_Dataset/2483/,AIDE_Dataset/annotation/2483.json
AIDE_Dataset/0003/,AIDE_Dataset/annotation/0003.json
AIDE_Dataset/1343/,AIDE_Dataset/annotation/1343.json
AIDE_Dataset/0555/,AIDE_Dataset/annotation/0555.json
AIDE_Dataset/2123/,AIDE_Dataset/annotation/2123.json
AIDE_Dataset/2673/,AIDE_Dataset/annotation/2673.json
AIDE_Dataset/0639/,AIDE_Dataset/annotation/0639.json
AIDE_Dataset/0368/,AIDE_Dataset/annotation/0368.json
AIDE_Dataset/1134/,AIDE_Dataset/annotation/1134.json
AIDE_Dataset/2549/,AIDE_Dataset/annotation/2549.json
AIDE_Dataset/2165/,AIDE_Dataset/annotation/2165.json
AIDE_Dataset/0046/,AIDE_Dataset/annotation/0046.json
AIDE_Dataset/0547/,AIDE_Dataset/annotation/0547.json
AIDE_Dataset/1939/,AIDE_Dataset/annotation/1939.json
AIDE_Dataset/2942/,AIDE_Dataset/annotation/2942.json
AIDE_Dataset/0722/,AIDE_Dataset/annotation/0722.json
AIDE_Dataset/0311/,AIDE_Dataset/annotation/0311.json
AIDE_Dataset/2218/,AIDE_Dataset/annotation/2218.json
AIDE_Dataset/2035/,AIDE_Dataset/annotation/2035.json
AIDE_Dataset/1497/,AIDE_Dataset/annotation/1497.json
AIDE_Dataset/2083/,AIDE_Dataset/annotation/2083.json
AIDE_Dataset/0005/,AIDE_Dataset/annotation/0005.json
AIDE_Dataset/2881/,AIDE_Dataset/annotation/2881.json
AIDE_Dataset/1570/,AIDE_Dataset/annotation/1570.json
AIDE_Dataset/0492/,AIDE_Dataset/annotation/0492.json
AIDE_Dataset/1581/,AIDE_Dataset/annotation/1581.json
AIDE_Dataset/2425/,AIDE_Dataset/annotation/2425.json
AIDE_Dataset/1887/,AIDE_Dataset/annotation/1887.json
AIDE_Dataset/0841/,AIDE_Dataset/annotation/0841.json
AIDE_Dataset/0077/,AIDE_Dataset/annotation/0077.json
AIDE_Dataset/1900/,AIDE_Dataset/annotation/1900.json
AIDE_Dataset/0961/,AIDE_Dataset/annotation/0961.json
AIDE_Dataset/0355/,AIDE_Dataset/annotation/0355.json
AIDE_Dataset/0590/,AIDE_Dataset/annotation/0590.json
AIDE_Dataset/0697/,AIDE_Dataset/annotation/0697.json
AIDE_Dataset/0220/,AIDE_Dataset/annotation/0220.json
AIDE_Dataset/0556/,AIDE_Dataset/annotation/0556.json
AIDE_Dataset/1005/,AIDE_Dataset/annotation/1005.json
AIDE_Dataset/2670/,AIDE_Dataset/annotation/2670.json
AIDE_Dataset/0913/,AIDE_Dataset/annotation/0913.json
AIDE_Dataset/1980/,AIDE_Dataset/annotation/1980.json
AIDE_Dataset/2617/,AIDE_Dataset/annotation/2617.json
AIDE_Dataset/1587/,AIDE_Dataset/annotation/1587.json
AIDE_Dataset/1071/,AIDE_Dataset/annotation/1071.json
AIDE_Dataset/1848/,AIDE_Dataset/annotation/1848.json
AIDE_Dataset/0797/,AIDE_Dataset/annotation/0797.json
AIDE_Dataset/2787/,AIDE_Dataset/annotation/2787.json
AIDE_Dataset/1637/,AIDE_Dataset/annotation/1637.json
AIDE_Dataset/0462/,AIDE_Dataset/annotation/0462.json
AIDE_Dataset/1040/,AIDE_Dataset/annotation/1040.json
AIDE_Dataset/1936/,AIDE_Dataset/annotation/1936.json
AIDE_Dataset/0800/,AIDE_Dataset/annotation/0800.json
AIDE_Dataset/1996/,AIDE_Dataset/annotation/1996.json
AIDE_Dataset/0772/,AIDE_Dataset/annotation/0772.json
AIDE_Dataset/2661/,AIDE_Dataset/annotation/2661.json
AIDE_Dataset/0222/,AIDE_Dataset/annotation/0222.json
AIDE_Dataset/2319/,AIDE_Dataset/annotation/2319.json
AIDE_Dataset/2668/,AIDE_Dataset/annotation/2668.json
AIDE_Dataset/2777/,AIDE_Dataset/annotation/2777.json
AIDE_Dataset/2973/,AIDE_Dataset/annotation/2973.json
AIDE_Dataset/0873/,AIDE_Dataset/annotation/0873.json
AIDE_Dataset/1436/,AIDE_Dataset/annotation/1436.json
AIDE_Dataset/2550/,AIDE_Dataset/annotation/2550.json
AIDE_Dataset/2988/,AIDE_Dataset/annotation/2988.json
AIDE_Dataset/2346/,AIDE_Dataset/annotation/2346.json
AIDE_Dataset/2875/,AIDE_Dataset/annotation/2875.json
AIDE_Dataset/1890/,AIDE_Dataset/annotation/1890.json
AIDE_Dataset/2633/,AIDE_Dataset/annotation/2633.json
AIDE_Dataset/1905/,AIDE_Dataset/annotation/1905.json
AIDE_Dataset/1739/,AIDE_Dataset/annotation/1739.json
AIDE_Dataset/1992/,AIDE_Dataset/annotation/1992.json
AIDE_Dataset/0606/,AIDE_Dataset/annotation/0606.json
AIDE_Dataset/2328/,AIDE_Dataset/annotation/2328.json
AIDE_Dataset/0892/,AIDE_Dataset/annotation/0892.json
AIDE_Dataset/1488/,AIDE_Dataset/annotation/1488.json
AIDE_Dataset/0769/,AIDE_Dataset/annotation/0769.json
AIDE_Dataset/0303/,AIDE_Dataset/annotation/0303.json
AIDE_Dataset/2465/,AIDE_Dataset/annotation/2465.json
AIDE_Dataset/2043/,AIDE_Dataset/annotation/2043.json
AIDE_Dataset/0538/,AIDE_Dataset/annotation/0538.json
AIDE_Dataset/1902/,AIDE_Dataset/annotation/1902.json
AIDE_Dataset/1132/,AIDE_Dataset/annotation/1132.json
AIDE_Dataset/1899/,AIDE_Dataset/annotation/1899.json
AIDE_Dataset/1405/,AIDE_Dataset/annotation/1405.json
AIDE_Dataset/2756/,AIDE_Dataset/annotation/2756.json
AIDE_Dataset/2799/,AIDE_Dataset/annotation/2799.json
AIDE_Dataset/1670/,AIDE_Dataset/annotation/1670.json
AIDE_Dataset/1480/,AIDE_Dataset/annotation/1480.json
AIDE_Dataset/1095/,AIDE_Dataset/annotation/1095.json
AIDE_Dataset/0748/,AIDE_Dataset/annotation/0748.json
AIDE_Dataset/1037/,AIDE_Dataset/annotation/1037.json
AIDE_Dataset/2974/,AIDE_Dataset/annotation/2974.json
AIDE_Dataset/2744/,AIDE_Dataset/annotation/2744.json
AIDE_Dataset/0434/,AIDE_Dataset/annotation/0434.json
AIDE_Dataset/0361/,AIDE_Dataset/annotation/0361.json
AIDE_Dataset/0398/,AIDE_Dataset/annotation/0398.json
AIDE_Dataset/3054/,AIDE_Dataset/annotation/3054.json
AIDE_Dataset/1176/,AIDE_Dataset/annotation/1176.json
AIDE_Dataset/0318/,AIDE_Dataset/annotation/0318.json
AIDE_Dataset/0085/,AIDE_Dataset/annotation/0085.json
AIDE_Dataset/2161/,AIDE_Dataset/annotation/2161.json
AIDE_Dataset/2788/,AIDE_Dataset/annotation/2788.json
AIDE_Dataset/2946/,AIDE_Dataset/annotation/2946.json
AIDE_Dataset/1206/,AIDE_Dataset/annotation/1206.json
AIDE_Dataset/0976/,AIDE_Dataset/annotation/0976.json
AIDE_Dataset/2663/,AIDE_Dataset/annotation/2663.json
AIDE_Dataset/0351/,AIDE_Dataset/annotation/0351.json
AIDE_Dataset/2020/,AIDE_Dataset/annotation/2020.json
AIDE_Dataset/1897/,AIDE_Dataset/annotation/1897.json
AIDE_Dataset/0034/,AIDE_Dataset/annotation/0034.json
AIDE_Dataset/1162/,AIDE_Dataset/annotation/1162.json
AIDE_Dataset/1908/,AIDE_Dataset/annotation/1908.json
AIDE_Dataset/2420/,AIDE_Dataset/annotation/2420.json
AIDE_Dataset/0101/,AIDE_Dataset/annotation/0101.json
AIDE_Dataset/1505/,AIDE_Dataset/annotation/1505.json
AIDE_Dataset/1634/,AIDE_Dataset/annotation/1634.json
AIDE_Dataset/1790/,AIDE_Dataset/annotation/1790.json
AIDE_Dataset/0319/,AIDE_Dataset/annotation/0319.json
AIDE_Dataset/2914/,AIDE_Dataset/annotation/2914.json
AIDE_Dataset/1242/,AIDE_Dataset/annotation/1242.json
AIDE_Dataset/0860/,AIDE_Dataset/annotation/0860.json
AIDE_Dataset/1289/,AIDE_Dataset/annotation/1289.json
AIDE_Dataset/2996/,AIDE_Dataset/annotation/2996.json
AIDE_Dataset/0116/,AIDE_Dataset/annotation/0116.json
AIDE_Dataset/0936/,AIDE_Dataset/annotation/0936.json
AIDE_Dataset/0430/,AIDE_Dataset/annotation/0430.json
AIDE_Dataset/2687/,AIDE_Dataset/annotation/2687.json
AIDE_Dataset/2195/,AIDE_Dataset/annotation/2195.json
AIDE_Dataset/1062/,AIDE_Dataset/annotation/1062.json
AIDE_Dataset/1236/,AIDE_Dataset/annotation/1236.json
AIDE_Dataset/0899/,AIDE_Dataset/annotation/0899.json
AIDE_Dataset/1602/,AIDE_Dataset/annotation/1602.json
AIDE_Dataset/2924/,AIDE_Dataset/annotation/2924.json
AIDE_Dataset/1706/,AIDE_Dataset/annotation/1706.json
AIDE_Dataset/1179/,AIDE_Dataset/annotation/1179.json
AIDE_Dataset/2131/,AIDE_Dataset/annotation/2131.json
AIDE_Dataset/0423/,AIDE_Dataset/annotation/0423.json
AIDE_Dataset/0111/,AIDE_Dataset/annotation/0111.json
AIDE_Dataset/0580/,AIDE_Dataset/annotation/0580.json
AIDE_Dataset/1217/,AIDE_Dataset/annotation/1217.json
AIDE_Dataset/1840/,AIDE_Dataset/annotation/1840.json
AIDE_Dataset/1391/,AIDE_Dataset/annotation/1391.json
AIDE_Dataset/0308/,AIDE_Dataset/annotation/0308.json
AIDE_Dataset/0634/,AIDE_Dataset/annotation/0634.json
AIDE_Dataset/2679/,AIDE_Dataset/annotation/2679.json
AIDE_Dataset/0406/,AIDE_Dataset/annotation/0406.json
AIDE_Dataset/0699/,AIDE_Dataset/annotation/0699.json
AIDE_Dataset/0228/,AIDE_Dataset/annotation/0228.json
AIDE_Dataset/2849/,AIDE_Dataset/annotation/2849.json
AIDE_Dataset/2851/,AIDE_Dataset/annotation/2851.json
AIDE_Dataset/1359/,AIDE_Dataset/annotation/1359.json
AIDE_Dataset/2656/,AIDE_Dataset/annotation/2656.json
AIDE_Dataset/1832/,AIDE_Dataset/annotation/1832.json
AIDE_Dataset/0539/,AIDE_Dataset/annotation/0539.json
AIDE_Dataset/2872/,AIDE_Dataset/annotation/2872.json
AIDE_Dataset/1075/,AIDE_Dataset/annotation/1075.json
AIDE_Dataset/2702/,AIDE_Dataset/annotation/2702.json
AIDE_Dataset/0255/,AIDE_Dataset/annotation/0255.json
AIDE_Dataset/1564/,AIDE_Dataset/annotation/1564.json
AIDE_Dataset/0082/,AIDE_Dataset/annotation/0082.json
AIDE_Dataset/1999/,AIDE_Dataset/annotation/1999.json
AIDE_Dataset/0397/,AIDE_Dataset/annotation/0397.json
AIDE_Dataset/3005/,AIDE_Dataset/annotation/3005.json
AIDE_Dataset/1710/,AIDE_Dataset/annotation/1710.json
AIDE_Dataset/3020/,AIDE_Dataset/annotation/3020.json
AIDE_Dataset/0618/,AIDE_Dataset/annotation/0618.json
AIDE_Dataset/1801/,AIDE_Dataset/annotation/1801.json
AIDE_Dataset/0669/,AIDE_Dataset/annotation/0669.json
AIDE_Dataset/1967/,AIDE_Dataset/annotation/1967.json
AIDE_Dataset/1034/,AIDE_Dataset/annotation/1034.json
AIDE_Dataset/2610/,AIDE_Dataset/annotation/2610.json
AIDE_Dataset/2008/,AIDE_Dataset/annotation/2008.json
AIDE_Dataset/2981/,AIDE_Dataset/annotation/2981.json
AIDE_Dataset/0798/,AIDE_Dataset/annotation/0798.json
AIDE_Dataset/1738/,AIDE_Dataset/annotation/1738.json
AIDE_Dataset/1067/,AIDE_Dataset/annotation/1067.json
AIDE_Dataset/0548/,AIDE_Dataset/annotation/0548.json
AIDE_Dataset/2892/,AIDE_Dataset/annotation/2892.json
AIDE_Dataset/1648/,AIDE_Dataset/annotation/1648.json
AIDE_Dataset/1250/,AIDE_Dataset/annotation/1250.json
AIDE_Dataset/0320/,AIDE_Dataset/annotation/0320.json
AIDE_Dataset/1189/,AIDE_Dataset/annotation/1189.json
AIDE_Dataset/2288/,AIDE_Dataset/annotation/2288.json
AIDE_Dataset/0256/,AIDE_Dataset/annotation/0256.json
AIDE_Dataset/1135/,AIDE_Dataset/annotation/1135.json
AIDE_Dataset/1875/,AIDE_Dataset/annotation/1875.json
AIDE_Dataset/1088/,AIDE_Dataset/annotation/1088.json
AIDE_Dataset/0283/,AIDE_Dataset/annotation/0283.json
AIDE_Dataset/2867/,AIDE_Dataset/annotation/2867.json
AIDE_Dataset/0622/,AIDE_Dataset/annotation/0622.json
AIDE_Dataset/3051/,AIDE_Dataset/annotation/3051.json
AIDE_Dataset/1736/,AIDE_Dataset/annotation/1736.json
AIDE_Dataset/2885/,AIDE_Dataset/annotation/2885.json
AIDE_Dataset/0517/,AIDE_Dataset/annotation/0517.json
AIDE_Dataset/2543/,AIDE_Dataset/annotation/2543.json
AIDE_Dataset/1968/,AIDE_Dataset/annotation/1968.json
AIDE_Dataset/2649/,AIDE_Dataset/annotation/2649.json
AIDE_Dataset/2396/,AIDE_Dataset/annotation/2396.json
AIDE_Dataset/2998/,AIDE_Dataset/annotation/2998.json
AIDE_Dataset/1723/,AIDE_Dataset/annotation/1723.json
AIDE_Dataset/3009/,AIDE_Dataset/annotation/3009.json
AIDE_Dataset/2268/,AIDE_Dataset/annotation/2268.json
AIDE_Dataset/2282/,AIDE_Dataset/annotation/2282.json
AIDE_Dataset/2299/,AIDE_Dataset/annotation/2299.json
AIDE_Dataset/0344/,AIDE_Dataset/annotation/0344.json
AIDE_Dataset/2758/,AIDE_Dataset/annotation/2758.json
AIDE_Dataset/0204/,AIDE_Dataset/annotation/0204.json
AIDE_Dataset/1419/,AIDE_Dataset/annotation/1419.json
AIDE_Dataset/2018/,AIDE_Dataset/annotation/2018.json
AIDE_Dataset/1752/,AIDE_Dataset/annotation/1752.json
AIDE_Dataset/2925/,AIDE_Dataset/annotation/2925.json
AIDE_Dataset/1601/,AIDE_Dataset/annotation/1601.json
AIDE_Dataset/2865/,AIDE_Dataset/annotation/2865.json
AIDE_Dataset/1052/,AIDE_Dataset/annotation/1052.json
AIDE_Dataset/0017/,AIDE_Dataset/annotation/0017.json
AIDE_Dataset/2684/,AIDE_Dataset/annotation/2684.json
AIDE_Dataset/1705/,AIDE_Dataset/annotation/1705.json
AIDE_Dataset/2009/,AIDE_Dataset/annotation/2009.json
AIDE_Dataset/0135/,AIDE_Dataset/annotation/0135.json
AIDE_Dataset/1557/,AIDE_Dataset/annotation/1557.json
AIDE_Dataset/2445/,AIDE_Dataset/annotation/2445.json
AIDE_Dataset/1957/,AIDE_Dataset/annotation/1957.json
AIDE_Dataset/0452/,AIDE_Dataset/annotation/0452.json
AIDE_Dataset/1447/,AIDE_Dataset/annotation/1447.json
AIDE_Dataset/2855/,AIDE_Dataset/annotation/2855.json
AIDE_Dataset/1293/,AIDE_Dataset/annotation/1293.json
AIDE_Dataset/1218/,AIDE_Dataset/annotation/1218.json
AIDE_Dataset/0888/,AIDE_Dataset/annotation/0888.json
AIDE_Dataset/0940/,AIDE_Dataset/annotation/0940.json
AIDE_Dataset/1793/,AIDE_Dataset/annotation/1793.json
AIDE_Dataset/1576/,AIDE_Dataset/annotation/1576.json
AIDE_Dataset/2717/,AIDE_Dataset/annotation/2717.json
AIDE_Dataset/1169/,AIDE_Dataset/annotation/1169.json
AIDE_Dataset/3039/,AIDE_Dataset/annotation/3039.json
AIDE_Dataset/0118/,AIDE_Dataset/annotation/0118.json
AIDE_Dataset/1857/,AIDE_Dataset/annotation/1857.json
AIDE_Dataset/2583/,AIDE_Dataset/annotation/2583.json
AIDE_Dataset/3011/,AIDE_Dataset/annotation/3011.json
AIDE_Dataset/2832/,AIDE_Dataset/annotation/2832.json
AIDE_Dataset/1847/,AIDE_Dataset/annotation/1847.json
AIDE_Dataset/2791/,AIDE_Dataset/annotation/2791.json
AIDE_Dataset/1869/,AIDE_Dataset/annotation/1869.json
AIDE_Dataset/2371/,AIDE_Dataset/annotation/2371.json
AIDE_Dataset/0816/,AIDE_Dataset/annotation/0816.json
AIDE_Dataset/2028/,AIDE_Dataset/annotation/2028.json
AIDE_Dataset/2276/,AIDE_Dataset/annotation/2276.json
AIDE_Dataset/0768/,AIDE_Dataset/annotation/0768.json
AIDE_Dataset/2415/,AIDE_Dataset/annotation/2415.json
AIDE_Dataset/2045/,AIDE_Dataset/annotation/2045.json
AIDE_Dataset/0295/,AIDE_Dataset/annotation/0295.json
AIDE_Dataset/0048/,AIDE_Dataset/annotation/0048.json
AIDE_Dataset/1463/,AIDE_Dataset/annotation/1463.json
AIDE_Dataset/2632/,AIDE_Dataset/annotation/2632.json
AIDE_Dataset/1810/,AIDE_Dataset/annotation/1810.json
AIDE_Dataset/3028/,AIDE_Dataset/annotation/3028.json
AIDE_Dataset/0422/,AIDE_Dataset/annotation/0422.json
AIDE_Dataset/2264/,AIDE_Dataset/annotation/2264.json
AIDE_Dataset/0213/,AIDE_Dataset/annotation/0213.json
AIDE_Dataset/1560/,AIDE_Dataset/annotation/1560.json
AIDE_Dataset/2088/,AIDE_Dataset/annotation/2088.json
AIDE_Dataset/2318/,AIDE_Dataset/annotation/2318.json
AIDE_Dataset/2827/,AIDE_Dataset/annotation/2827.json
AIDE_Dataset/1223/,AIDE_Dataset/annotation/1223.json
AIDE_Dataset/1546/,AIDE_Dataset/annotation/1546.json
AIDE_Dataset/0493/,AIDE_Dataset/annotation/0493.json
AIDE_Dataset/1813/,AIDE_Dataset/annotation/1813.json
AIDE_Dataset/0858/,AIDE_Dataset/annotation/0858.json
AIDE_Dataset/2358/,AIDE_Dataset/annotation/2358.json
AIDE_Dataset/2539/,AIDE_Dataset/annotation/2539.json
AIDE_Dataset/0885/,AIDE_Dataset/annotation/0885.json
AIDE_Dataset/1912/,AIDE_Dataset/annotation/1912.json
AIDE_Dataset/0792/,AIDE_Dataset/annotation/0792.json
AIDE_Dataset/2836/,AIDE_Dataset/annotation/2836.json
AIDE_Dataset/2763/,AIDE_Dataset/annotation/2763.json
AIDE_Dataset/1097/,AIDE_Dataset/annotation/1097.json
AIDE_Dataset/2971/,AIDE_Dataset/annotation/2971.json
AIDE_Dataset/3059/,AIDE_Dataset/annotation/3059.json
AIDE_Dataset/0931/,AIDE_Dataset/annotation/0931.json
AIDE_Dataset/1778/,AIDE_Dataset/annotation/1778.json
AIDE_Dataset/0356/,AIDE_Dataset/annotation/0356.json
AIDE_Dataset/2766/,AIDE_Dataset/annotation/2766.json
AIDE_Dataset/1679/,AIDE_Dataset/annotation/1679.json
AIDE_Dataset/1877/,AIDE_Dataset/annotation/1877.json
AIDE_Dataset/2256/,AIDE_Dataset/annotation/2256.json
AIDE_Dataset/0688/,AIDE_Dataset/annotation/0688.json
AIDE_Dataset/2591/,AIDE_Dataset/annotation/2591.json
AIDE_Dataset/0410/,AIDE_Dataset/annotation/0410.json
AIDE_Dataset/0817/,AIDE_Dataset/annotation/0817.json
AIDE_Dataset/2594/,AIDE_Dataset/annotation/2594.json
AIDE_Dataset/0011/,AIDE_Dataset/annotation/0011.json
AIDE_Dataset/1231/,AIDE_Dataset/annotation/1231.json
AIDE_Dataset/2340/,AIDE_Dataset/annotation/2340.json
AIDE_Dataset/0472/,AIDE_Dataset/annotation/0472.json
AIDE_Dataset/2976/,AIDE_Dataset/annotation/2976.json
AIDE_Dataset/2324/,AIDE_Dataset/annotation/2324.json
AIDE_Dataset/2630/,AIDE_Dataset/annotation/2630.json
AIDE_Dataset/2553/,AIDE_Dataset/annotation/2553.json
AIDE_Dataset/1290/,AIDE_Dataset/annotation/1290.json
AIDE_Dataset/1892/,AIDE_Dataset/annotation/1892.json
AIDE_Dataset/1154/,AIDE_Dataset/annotation/1154.json
AIDE_Dataset/2993/,AIDE_Dataset/annotation/2993.json
AIDE_Dataset/0416/,AIDE_Dataset/annotation/0416.json
AIDE_Dataset/2809/,AIDE_Dataset/annotation/2809.json
AIDE_Dataset/1453/,AIDE_Dataset/annotation/1453.json
AIDE_Dataset/1175/,AIDE_Dataset/annotation/1175.json
AIDE_Dataset/0324/,AIDE_Dataset/annotation/0324.json
AIDE_Dataset/2444/,AIDE_Dataset/annotation/2444.json
AIDE_Dataset/1923/,AIDE_Dataset/annotation/1923.json
AIDE_Dataset/2484/,AIDE_Dataset/annotation/2484.json
AIDE_Dataset/2399/,AIDE_Dataset/annotation/2399.json
AIDE_Dataset/0190/,AIDE_Dataset/annotation/0190.json
AIDE_Dataset/0310/,AIDE_Dataset/annotation/0310.json
AIDE_Dataset/0522/,AIDE_Dataset/annotation/0522.json
AIDE_Dataset/2005/,AIDE_Dataset/annotation/2005.json
AIDE_Dataset/1001/,AIDE_Dataset/annotation/1001.json
AIDE_Dataset/1827/,AIDE_Dataset/annotation/1827.json
AIDE_Dataset/1224/,AIDE_Dataset/annotation/1224.json
AIDE_Dataset/0863/,AIDE_Dataset/annotation/0863.json
AIDE_Dataset/2951/,AIDE_Dataset/annotation/2951.json
AIDE_Dataset/2824/,AIDE_Dataset/annotation/2824.json
AIDE_Dataset/2840/,AIDE_Dataset/annotation/2840.json
AIDE_Dataset/2894/,AIDE_Dataset/annotation/2894.json
AIDE_Dataset/1353/,AIDE_Dataset/annotation/1353.json
AIDE_Dataset/2091/,AIDE_Dataset/annotation/2091.json
AIDE_Dataset/2093/,AIDE_Dataset/annotation/2093.json
AIDE_Dataset/2751/,AIDE_Dataset/annotation/2751.json
AIDE_Dataset/2250/,AIDE_Dataset/annotation/2250.json
AIDE_Dataset/1949/,AIDE_Dataset/annotation/1949.json
AIDE_Dataset/0575/,AIDE_Dataset/annotation/0575.json
AIDE_Dataset/0131/,AIDE_Dataset/annotation/0131.json
AIDE_Dataset/2843/,AIDE_Dataset/annotation/2843.json
AIDE_Dataset/2061/,AIDE_Dataset/annotation/2061.json
AIDE_Dataset/2414/,AIDE_Dataset/annotation/2414.json
AIDE_Dataset/1495/,AIDE_Dataset/annotation/1495.json
AIDE_Dataset/0854/,AIDE_Dataset/annotation/0854.json
AIDE_Dataset/0315/,AIDE_Dataset/annotation/0315.json
AIDE_Dataset/1820/,AIDE_Dataset/annotation/1820.json
AIDE_Dataset/0439/,AIDE_Dataset/annotation/0439.json
AIDE_Dataset/1360/,AIDE_Dataset/annotation/1360.json
AIDE_Dataset/0171/,AIDE_Dataset/annotation/0171.json
AIDE_Dataset/0743/,AIDE_Dataset/annotation/0743.json
AIDE_Dataset/1056/,AIDE_Dataset/annotation/1056.json
AIDE_Dataset/2490/,AIDE_Dataset/annotation/2490.json
AIDE_Dataset/0271/,AIDE_Dataset/annotation/0271.json
AIDE_Dataset/1744/,AIDE_Dataset/annotation/1744.json
AIDE_Dataset/1783/,AIDE_Dataset/annotation/1783.json
AIDE_Dataset/0482/,AIDE_Dataset/annotation/0482.json
AIDE_Dataset/2578/,AIDE_Dataset/annotation/2578.json
AIDE_Dataset/1085/,AIDE_Dataset/annotation/1085.json
AIDE_Dataset/1879/,AIDE_Dataset/annotation/1879.json
AIDE_Dataset/2979/,AIDE_Dataset/annotation/2979.json
AIDE_Dataset/0328/,AIDE_Dataset/annotation/0328.json
AIDE_Dataset/2478/,AIDE_Dataset/annotation/2478.json
AIDE_Dataset/0286/,AIDE_Dataset/annotation/0286.json
AIDE_Dataset/2166/,AIDE_Dataset/annotation/2166.json
AIDE_Dataset/0546/,AIDE_Dataset/annotation/0546.json
AIDE_Dataset/2645/,AIDE_Dataset/annotation/2645.json
AIDE_Dataset/1799/,AIDE_Dataset/annotation/1799.json
AIDE_Dataset/2388/,AIDE_Dataset/annotation/2388.json
AIDE_Dataset/2223/,AIDE_Dataset/annotation/2223.json
AIDE_Dataset/0820/,AIDE_Dataset/annotation/0820.json
AIDE_Dataset/0170/,AIDE_Dataset/annotation/0170.json
AIDE_Dataset/2519/,AIDE_Dataset/annotation/2519.json
AIDE_Dataset/0563/,AIDE_Dataset/annotation/0563.json
AIDE_Dataset/1504/,AIDE_Dataset/annotation/1504.json
AIDE_Dataset/0653/,AIDE_Dataset/annotation/0653.json
AIDE_Dataset/2842/,AIDE_Dataset/annotation/2842.json
AIDE_Dataset/2338/,AIDE_Dataset/annotation/2338.json
AIDE_Dataset/0065/,AIDE_Dataset/annotation/0065.json
AIDE_Dataset/1492/,AIDE_Dataset/annotation/1492.json
AIDE_Dataset/2609/,AIDE_Dataset/annotation/2609.json
AIDE_Dataset/1258/,AIDE_Dataset/annotation/1258.json
AIDE_Dataset/0051/,AIDE_Dataset/annotation/0051.json
AIDE_Dataset/2184/,AIDE_Dataset/annotation/2184.json
AIDE_Dataset/0471/,AIDE_Dataset/annotation/0471.json
AIDE_Dataset/2210/,AIDE_Dataset/annotation/2210.json
AIDE_Dataset/0707/,AIDE_Dataset/annotation/0707.json
AIDE_Dataset/0305/,AIDE_Dataset/annotation/0305.json
AIDE_Dataset/2233/,AIDE_Dataset/annotation/2233.json
AIDE_Dataset/1623/,AIDE_Dataset/annotation/1623.json
AIDE_Dataset/0666/,AIDE_Dataset/annotation/0666.json
AIDE_Dataset/1483/,AIDE_Dataset/annotation/1483.json
AIDE_Dataset/1713/,AIDE_Dataset/annotation/1713.json
AIDE_Dataset/0904/,AIDE_Dataset/annotation/0904.json
AIDE_Dataset/0223/,AIDE_Dataset/annotation/0223.json
AIDE_Dataset/1767/,AIDE_Dataset/annotation/1767.json
AIDE_Dataset/1958/,AIDE_Dataset/annotation/1958.json
AIDE_Dataset/1322/,AIDE_Dataset/annotation/1322.json
AIDE_Dataset/2929/,AIDE_Dataset/annotation/2929.json
AIDE_Dataset/3032/,AIDE_Dataset/annotation/3032.json
AIDE_Dataset/2982/,AIDE_Dataset/annotation/2982.json
AIDE_Dataset/1982/,AIDE_Dataset/annotation/1982.json
AIDE_Dataset/2303/,AIDE_Dataset/annotation/2303.json
AIDE_Dataset/0322/,AIDE_Dataset/annotation/0322.json
AIDE_Dataset/0312/,AIDE_Dataset/annotation/0312.json
AIDE_Dataset/1328/,AIDE_Dataset/annotation/1328.json
AIDE_Dataset/1008/,AIDE_Dataset/annotation/1008.json
AIDE_Dataset/1166/,AIDE_Dataset/annotation/1166.json
AIDE_Dataset/2010/,AIDE_Dataset/annotation/2010.json
AIDE_Dataset/0643/,AIDE_Dataset/annotation/0643.json
AIDE_Dataset/0261/,AIDE_Dataset/annotation/0261.json
AIDE_Dataset/0597/,AIDE_Dataset/annotation/0597.json
AIDE_Dataset/1413/,AIDE_Dataset/annotation/1413.json
AIDE_Dataset/2336/,AIDE_Dataset/annotation/2336.json
AIDE_Dataset/0142/,AIDE_Dataset/annotation/0142.json
AIDE_Dataset/2965/,AIDE_Dataset/annotation/2965.json
AIDE_Dataset/0980/,AIDE_Dataset/annotation/0980.json
AIDE_Dataset/2637/,AIDE_Dataset/annotation/2637.json
AIDE_Dataset/2785/,AIDE_Dataset/annotation/2785.json
AIDE_Dataset/1044/,AIDE_Dataset/annotation/1044.json
AIDE_Dataset/1891/,AIDE_Dataset/annotation/1891.json
AIDE_Dataset/3046/,AIDE_Dataset/annotation/3046.json
AIDE_Dataset/2994/,AIDE_Dataset/annotation/2994.json
AIDE_Dataset/0275/,AIDE_Dataset/annotation/0275.json
AIDE_Dataset/1196/,AIDE_Dataset/annotation/1196.json
AIDE_Dataset/1185/,AIDE_Dataset/annotation/1185.json
AIDE_Dataset/1251/,AIDE_Dataset/annotation/1251.json
AIDE_Dataset/1260/,AIDE_Dataset/annotation/1260.json
AIDE_Dataset/1965/,AIDE_Dataset/annotation/1965.json
AIDE_Dataset/2907/,AIDE_Dataset/annotation/2907.json
AIDE_Dataset/1451/,AIDE_Dataset/annotation/1451.json
AIDE_Dataset/1853/,AIDE_Dataset/annotation/1853.json
AIDE_Dataset/2219/,AIDE_Dataset/annotation/2219.json
AIDE_Dataset/0577/,AIDE_Dataset/annotation/0577.json
AIDE_Dataset/1550/,AIDE_Dataset/annotation/1550.json
AIDE_Dataset/2306/,AIDE_Dataset/annotation/2306.json
AIDE_Dataset/0626/,AIDE_Dataset/annotation/0626.json
AIDE_Dataset/2977/,AIDE_Dataset/annotation/2977.json
AIDE_Dataset/1475/,AIDE_Dataset/annotation/1475.json
AIDE_Dataset/0483/,AIDE_Dataset/annotation/0483.json
AIDE_Dataset/3024/,AIDE_Dataset/annotation/3024.json
AIDE_Dataset/0232/,AIDE_Dataset/annotation/0232.json
AIDE_Dataset/2248/,AIDE_Dataset/annotation/2248.json
AIDE_Dataset/2601/,AIDE_Dataset/annotation/2601.json
AIDE_Dataset/1476/,AIDE_Dataset/annotation/1476.json
AIDE_Dataset/2523/,AIDE_Dataset/annotation/2523.json
AIDE_Dataset/2212/,AIDE_Dataset/annotation/2212.json
AIDE_Dataset/1178/,AIDE_Dataset/annotation/1178.json
AIDE_Dataset/2752/,AIDE_Dataset/annotation/2752.json
AIDE_Dataset/2810/,AIDE_Dataset/annotation/2810.json
AIDE_Dataset/2344/,AIDE_Dataset/annotation/2344.json
AIDE_Dataset/2154/,AIDE_Dataset/annotation/2154.json
AIDE_Dataset/0497/,AIDE_Dataset/annotation/0497.json
AIDE_Dataset/0236/,AIDE_Dataset/annotation/0236.json
AIDE_Dataset/2211/,AIDE_Dataset/annotation/2211.json
AIDE_Dataset/1194/,AIDE_Dataset/annotation/1194.json
AIDE_Dataset/2888/,AIDE_Dataset/annotation/2888.json
AIDE_Dataset/2834/,AIDE_Dataset/annotation/2834.json
AIDE_Dataset/2023/,AIDE_Dataset/annotation/2023.json
AIDE_Dataset/0347/,AIDE_Dataset/annotation/0347.json
AIDE_Dataset/2309/,AIDE_Dataset/annotation/2309.json
AIDE_Dataset/1378/,AIDE_Dataset/annotation/1378.json
AIDE_Dataset/1994/,AIDE_Dataset/annotation/1994.json
AIDE_Dataset/2966/,AIDE_Dataset/annotation/2966.json
AIDE_Dataset/0216/,AIDE_Dataset/annotation/0216.json
AIDE_Dataset/0343/,AIDE_Dataset/annotation/0343.json
AIDE_Dataset/2457/,AIDE_Dataset/annotation/2457.json
AIDE_Dataset/0027/,AIDE_Dataset/annotation/0027.json
AIDE_Dataset/1836/,AIDE_Dataset/annotation/1836.json
AIDE_Dataset/0393/,AIDE_Dataset/annotation/0393.json
AIDE_Dataset/1212/,AIDE_Dataset/annotation/1212.json
AIDE_Dataset/2642/,AIDE_Dataset/annotation/2642.json
AIDE_Dataset/1639/,AIDE_Dataset/annotation/1639.json
AIDE_Dataset/1588/,AIDE_Dataset/annotation/1588.json
AIDE_Dataset/1944/,AIDE_Dataset/annotation/1944.json
AIDE_Dataset/1209/,AIDE_Dataset/annotation/1209.json
AIDE_Dataset/2108/,AIDE_Dataset/annotation/2108.json
AIDE_Dataset/2379/,AIDE_Dataset/annotation/2379.json
AIDE_Dataset/2960/,AIDE_Dataset/annotation/2960.json
AIDE_Dataset/0640/,AIDE_Dataset/annotation/0640.json
AIDE_Dataset/1458/,AIDE_Dataset/annotation/1458.json
AIDE_Dataset/1715/,AIDE_Dataset/annotation/1715.json
AIDE_Dataset/2954/,AIDE_Dataset/annotation/2954.json
AIDE_Dataset/1522/,AIDE_Dataset/annotation/1522.json
AIDE_Dataset/2693/,AIDE_Dataset/annotation/2693.json
AIDE_Dataset/2027/,AIDE_Dataset/annotation/2027.json
AIDE_Dataset/1191/,AIDE_Dataset/annotation/1191.json
AIDE_Dataset/1712/,AIDE_Dataset/annotation/1712.json
AIDE_Dataset/0983/,AIDE_Dataset/annotation/0983.json
AIDE_Dataset/2544/,AIDE_Dataset/annotation/2544.json
AIDE_Dataset/2658/,AIDE_Dataset/annotation/2658.json
AIDE_Dataset/1363/,AIDE_Dataset/annotation/1363.json
AIDE_Dataset/2016/,AIDE_Dataset/annotation/2016.json
AIDE_Dataset/3003/,AIDE_Dataset/annotation/3003.json
AIDE_Dataset/1281/,AIDE_Dataset/annotation/1281.json
AIDE_Dataset/0731/,AIDE_Dataset/annotation/0731.json
AIDE_Dataset/1834/,AIDE_Dataset/annotation/1834.json
AIDE_Dataset/0447/,AIDE_Dataset/annotation/0447.json
AIDE_Dataset/0735/,AIDE_Dataset/annotation/0735.json
AIDE_Dataset/1149/,AIDE_Dataset/annotation/1149.json
AIDE_Dataset/2953/,AIDE_Dataset/annotation/2953.json
AIDE_Dataset/2497/,AIDE_Dataset/annotation/2497.json
AIDE_Dataset/2726/,AIDE_Dataset/annotation/2726.json
AIDE_Dataset/1386/,AIDE_Dataset/annotation/1386.json
AIDE_Dataset/2659/,AIDE_Dataset/annotation/2659.json
AIDE_Dataset/0608/,AIDE_Dataset/annotation/0608.json
AIDE_Dataset/0766/,AIDE_Dataset/annotation/0766.json
AIDE_Dataset/0867/,AIDE_Dataset/annotation/0867.json
AIDE_Dataset/1756/,AIDE_Dataset/annotation/1756.json
AIDE_Dataset/0595/,AIDE_Dataset/annotation/0595.json
AIDE_Dataset/0084/,AIDE_Dataset/annotation/0084.json
AIDE_Dataset/0304/,AIDE_Dataset/annotation/0304.json
AIDE_Dataset/0446/,AIDE_Dataset/annotation/0446.json
AIDE_Dataset/0376/,AIDE_Dataset/annotation/0376.json
AIDE_Dataset/1937/,AIDE_Dataset/annotation/1937.json
AIDE_Dataset/2273/,AIDE_Dataset/annotation/2273.json
AIDE_Dataset/1777/,AIDE_Dataset/annotation/1777.json
AIDE_Dataset/0159/,AIDE_Dataset/annotation/0159.json
AIDE_Dataset/2461/,AIDE_Dataset/annotation/2461.json
AIDE_Dataset/2301/,AIDE_Dataset/annotation/2301.json
AIDE_Dataset/0002/,AIDE_Dataset/annotation/0002.json
AIDE_Dataset/1417/,AIDE_Dataset/annotation/1417.json
AIDE_Dataset/0269/,AIDE_Dataset/annotation/0269.json
AIDE_Dataset/0824/,AIDE_Dataset/annotation/0824.json
AIDE_Dataset/0532/,AIDE_Dataset/annotation/0532.json
AIDE_Dataset/1746/,AIDE_Dataset/annotation/1746.json
AIDE_Dataset/2163/,AIDE_Dataset/annotation/2163.json
AIDE_Dataset/1202/,AIDE_Dataset/annotation/1202.json
AIDE_Dataset/0141/,AIDE_Dataset/annotation/0141.json
AIDE_Dataset/2890/,AIDE_Dataset/annotation/2890.json
AIDE_Dataset/0379/,AIDE_Dataset/annotation/0379.json
AIDE_Dataset/3025/,AIDE_Dataset/annotation/3025.json
AIDE_Dataset/2707/,AIDE_Dataset/annotation/2707.json
AIDE_Dataset/2373/,AIDE_Dataset/annotation/2373.json
AIDE_Dataset/2494/,AIDE_Dataset/annotation/2494.json
AIDE_Dataset/2879/,AIDE_Dataset/annotation/2879.json
AIDE_Dataset/2772/,AIDE_Dataset/annotation/2772.json
AIDE_Dataset/0514/,AIDE_Dataset/annotation/0514.json
AIDE_Dataset/0056/,AIDE_Dataset/annotation/0056.json
AIDE_Dataset/2077/,AIDE_Dataset/annotation/2077.json
AIDE_Dataset/0975/,AIDE_Dataset/annotation/0975.json
AIDE_Dataset/0026/,AIDE_Dataset/annotation/0026.json
AIDE_Dataset/0385/,AIDE_Dataset/annotation/0385.json
AIDE_Dataset/0793/,AIDE_Dataset/annotation/0793.json
AIDE_Dataset/2291/,AIDE_Dataset/annotation/2291.json
AIDE_Dataset/1341/,AIDE_Dataset/annotation/1341.json
AIDE_Dataset/1823/,AIDE_Dataset/annotation/1823.json
AIDE_Dataset/1233/,AIDE_Dataset/annotation/1233.json
AIDE_Dataset/1198/,AIDE_Dataset/annotation/1198.json
AIDE_Dataset/0189/,AIDE_Dataset/annotation/0189.json
AIDE_Dataset/0585/,AIDE_Dataset/annotation/0585.json
AIDE_Dataset/2664/,AIDE_Dataset/annotation/2664.json
AIDE_Dataset/1048/,AIDE_Dataset/annotation/1048.json
AIDE_Dataset/2585/,AIDE_Dataset/annotation/2585.json
AIDE_Dataset/1806/,AIDE_Dataset/annotation/1806.json
AIDE_Dataset/1211/,AIDE_Dataset/annotation/1211.json
AIDE_Dataset/0438/,AIDE_Dataset/annotation/0438.json
AIDE_Dataset/2160/,AIDE_Dataset/annotation/2160.json
AIDE_Dataset/0054/,AIDE_Dataset/annotation/0054.json
AIDE_Dataset/0752/,AIDE_Dataset/annotation/0752.json
AIDE_Dataset/1565/,AIDE_Dataset/annotation/1565.json
AIDE_Dataset/1699/,AIDE_Dataset/annotation/1699.json
AIDE_Dataset/0172/,AIDE_Dataset/annotation/0172.json
AIDE_Dataset/1107/,AIDE_Dataset/annotation/1107.json
AIDE_Dataset/1871/,AIDE_Dataset/annotation/1871.json
AIDE_Dataset/2948/,AIDE_Dataset/annotation/2948.json
AIDE_Dataset/0569/,AIDE_Dataset/annotation/0569.json
AIDE_Dataset/2353/,AIDE_Dataset/annotation/2353.json
AIDE_Dataset/2529/,AIDE_Dataset/annotation/2529.json
AIDE_Dataset/1404/,AIDE_Dataset/annotation/1404.json
AIDE_Dataset/2882/,AIDE_Dataset/annotation/2882.json
AIDE_Dataset/0126/,AIDE_Dataset/annotation/0126.json
AIDE_Dataset/2019/,AIDE_Dataset/annotation/2019.json
AIDE_Dataset/1338/,AIDE_Dataset/annotation/1338.json
AIDE_Dataset/0128/,AIDE_Dataset/annotation/0128.json
AIDE_Dataset/1358/,AIDE_Dataset/annotation/1358.json
AIDE_Dataset/0263/,AIDE_Dataset/annotation/0263.json
AIDE_Dataset/2040/,AIDE_Dataset/annotation/2040.json
AIDE_Dataset/2329/,AIDE_Dataset/annotation/2329.json
AIDE_Dataset/0528/,AIDE_Dataset/annotation/0528.json
AIDE_Dataset/2327/,AIDE_Dataset/annotation/2327.json
AIDE_Dataset/2347/,AIDE_Dataset/annotation/2347.json
AIDE_Dataset/1737/,AIDE_Dataset/annotation/1737.json
AIDE_Dataset/1271/,AIDE_Dataset/annotation/1271.json
AIDE_Dataset/0945/,AIDE_Dataset/annotation/0945.json
AIDE_Dataset/0891/,AIDE_Dataset/annotation/0891.json
AIDE_Dataset/0006/,AIDE_Dataset/annotation/0006.json
AIDE_Dataset/1110/,AIDE_Dataset/annotation/1110.json
AIDE_Dataset/1050/,AIDE_Dataset/annotation/1050.json
AIDE_Dataset/0729/,AIDE_Dataset/annotation/0729.json
AIDE_Dataset/2970/,AIDE_Dataset/annotation/2970.json
AIDE_Dataset/0951/,AIDE_Dataset/annotation/0951.json
AIDE_Dataset/2304/,AIDE_Dataset/annotation/2304.json
AIDE_Dataset/1389/,AIDE_Dataset/annotation/1389.json
AIDE_Dataset/0460/,AIDE_Dataset/annotation/0460.json
AIDE_Dataset/1527/,AIDE_Dataset/annotation/1527.json
AIDE_Dataset/0675/,AIDE_Dataset/annotation/0675.json
AIDE_Dataset/0175/,AIDE_Dataset/annotation/0175.json
AIDE_Dataset/2665/,AIDE_Dataset/annotation/2665.json
AIDE_Dataset/1461/,AIDE_Dataset/annotation/1461.json
AIDE_Dataset/1854/,AIDE_Dataset/annotation/1854.json
AIDE_Dataset/0937/,AIDE_Dataset/annotation/0937.json
AIDE_Dataset/0682/,AIDE_Dataset/annotation/0682.json
AIDE_Dataset/2868/,AIDE_Dataset/annotation/2868.json
AIDE_Dataset/1661/,AIDE_Dataset/annotation/1661.json
AIDE_Dataset/2053/,AIDE_Dataset/annotation/2053.json
AIDE_Dataset/2421/,AIDE_Dataset/annotation/2421.json
AIDE_Dataset/0363/,AIDE_Dataset/annotation/0363.json
AIDE_Dataset/0811/,AIDE_Dataset/annotation/0811.json
AIDE_Dataset/0679/,AIDE_Dataset/annotation/0679.json
AIDE_Dataset/0012/,AIDE_Dataset/annotation/0012.json
AIDE_Dataset/0145/,AIDE_Dataset/annotation/0145.json
AIDE_Dataset/0814/,AIDE_Dataset/annotation/0814.json
AIDE_Dataset/0384/,AIDE_Dataset/annotation/0384.json
AIDE_Dataset/0093/,AIDE_Dataset/annotation/0093.json
AIDE_Dataset/0437/,AIDE_Dataset/annotation/0437.json
AIDE_Dataset/0440/,AIDE_Dataset/annotation/0440.json
AIDE_Dataset/0818/,AIDE_Dataset/annotation/0818.json
AIDE_Dataset/1709/,AIDE_Dataset/annotation/1709.json
AIDE_Dataset/2230/,AIDE_Dataset/annotation/2230.json
AIDE_Dataset/0903/,AIDE_Dataset/annotation/0903.json
AIDE_Dataset/0918/,AIDE_Dataset/annotation/0918.json
AIDE_Dataset/2081/,AIDE_Dataset/annotation/2081.json
AIDE_Dataset/2854/,AIDE_Dataset/annotation/2854.json
AIDE_Dataset/0432/,AIDE_Dataset/annotation/0432.json
AIDE_Dataset/2366/,AIDE_Dataset/annotation/2366.json
AIDE_Dataset/2119/,AIDE_Dataset/annotation/2119.json
AIDE_Dataset/0411/,AIDE_Dataset/annotation/0411.json
AIDE_Dataset/1065/,AIDE_Dataset/annotation/1065.json
AIDE_Dataset/0956/,AIDE_Dataset/annotation/0956.json
AIDE_Dataset/1700/,AIDE_Dataset/annotation/1700.json
AIDE_Dataset/0254/,AIDE_Dataset/annotation/0254.json
AIDE_Dataset/2446/,AIDE_Dataset/annotation/2446.json
AIDE_Dataset/1563/,AIDE_Dataset/annotation/1563.json
AIDE_Dataset/0655/,AIDE_Dataset/annotation/0655.json
AIDE_Dataset/2757/,AIDE_Dataset/annotation/2757.json
AIDE_Dataset/0715/,AIDE_Dataset/annotation/0715.json
AIDE_Dataset/1991/,AIDE_Dataset/annotation/1991.json
AIDE_Dataset/2101/,AIDE_Dataset/annotation/2101.json
AIDE_Dataset/0807/,AIDE_Dataset/annotation/0807.json
AIDE_Dataset/1470/,AIDE_Dataset/annotation/1470.json
AIDE_Dataset/3040/,AIDE_Dataset/annotation/3040.json
AIDE_Dataset/2802/,AIDE_Dataset/annotation/2802.json
AIDE_Dataset/1884/,AIDE_Dataset/annotation/1884.json
AIDE_Dataset/1660/,AIDE_Dataset/annotation/1660.json
AIDE_Dataset/1774/,AIDE_Dataset/annotation/1774.json
AIDE_Dataset/0394/,AIDE_Dataset/annotation/0394.json
AIDE_Dataset/2413/,AIDE_Dataset/annotation/2413.json
AIDE_Dataset/0960/,AIDE_Dataset/annotation/0960.json
AIDE_Dataset/2217/,AIDE_Dataset/annotation/2217.json
AIDE_Dataset/1221/,AIDE_Dataset/annotation/1221.json
AIDE_Dataset/2641/,AIDE_Dataset/annotation/2641.json
AIDE_Dataset/0252/,AIDE_Dataset/annotation/0252.json
AIDE_Dataset/1770/,AIDE_Dataset/annotation/1770.json
AIDE_Dataset/0877/,AIDE_Dataset/annotation/0877.json
AIDE_Dataset/0727/,AIDE_Dataset/annotation/0727.json
AIDE_Dataset/1701/,AIDE_Dataset/annotation/1701.json
AIDE_Dataset/0782/,AIDE_Dataset/annotation/0782.json
AIDE_Dataset/1784/,AIDE_Dataset/annotation/1784.json
AIDE_Dataset/0505/,AIDE_Dataset/annotation/0505.json
AIDE_Dataset/0739/,AIDE_Dataset/annotation/0739.json
AIDE_Dataset/1547/,AIDE_Dataset/annotation/1547.json
AIDE_Dataset/1066/,AIDE_Dataset/annotation/1066.json
AIDE_Dataset/0942/,AIDE_Dataset/annotation/0942.json
AIDE_Dataset/2357/,AIDE_Dataset/annotation/2357.json
AIDE_Dataset/2552/,AIDE_Dataset/annotation/2552.json
AIDE_Dataset/0309/,AIDE_Dataset/annotation/0309.json
AIDE_Dataset/1598/,AIDE_Dataset/annotation/1598.json
AIDE_Dataset/2636/,AIDE_Dataset/annotation/2636.json
AIDE_Dataset/2680/,AIDE_Dataset/annotation/2680.json
AIDE_Dataset/2818/,AIDE_Dataset/annotation/2818.json
AIDE_Dataset/0812/,AIDE_Dataset/annotation/0812.json
AIDE_Dataset/1493/,AIDE_Dataset/annotation/1493.json
AIDE_Dataset/1188/,AIDE_Dataset/annotation/1188.json
AIDE_Dataset/1873/,AIDE_Dataset/annotation/1873.json
AIDE_Dataset/0475/,AIDE_Dataset/annotation/0475.json
AIDE_Dataset/1809/,AIDE_Dataset/annotation/1809.json
AIDE_Dataset/1859/,AIDE_Dataset/annotation/1859.json
AIDE_Dataset/2933/,AIDE_Dataset/annotation/2933.json
AIDE_Dataset/0102/,AIDE_Dataset/annotation/0102.json
AIDE_Dataset/2148/,AIDE_Dataset/annotation/2148.json
AIDE_Dataset/0672/,AIDE_Dataset/annotation/0672.json
AIDE_Dataset/1330/,AIDE_Dataset/annotation/1330.json
AIDE_Dataset/2149/,AIDE_Dataset/annotation/2149.json
AIDE_Dataset/2495/,AIDE_Dataset/annotation/2495.json
AIDE_Dataset/0567/,AIDE_Dataset/annotation/0567.json
AIDE_Dataset/1652/,AIDE_Dataset/annotation/1652.json
AIDE_Dataset/1356/,AIDE_Dataset/annotation/1356.json
AIDE_Dataset/0593/,AIDE_Dataset/annotation/0593.json
AIDE_Dataset/0078/,AIDE_Dataset/annotation/0078.json
AIDE_Dataset/0486/,AIDE_Dataset/annotation/0486.json
AIDE_Dataset/1302/,AIDE_Dataset/annotation/1302.json
AIDE_Dataset/1618/,AIDE_Dataset/annotation/1618.json
AIDE_Dataset/2107/,AIDE_Dataset/annotation/2107.json
AIDE_Dataset/1524/,AIDE_Dataset/annotation/1524.json
AIDE_Dataset/0785/,AIDE_Dataset/annotation/0785.json
AIDE_Dataset/1885/,AIDE_Dataset/annotation/1885.json
AIDE_Dataset/0388/,AIDE_Dataset/annotation/0388.json
AIDE_Dataset/2559/,AIDE_Dataset/annotation/2559.json
AIDE_Dataset/1160/,AIDE_Dataset/annotation/1160.json
AIDE_Dataset/0168/,AIDE_Dataset/annotation/0168.json
AIDE_Dataset/1911/,AIDE_Dataset/annotation/1911.json
AIDE_Dataset/2197/,AIDE_Dataset/annotation/2197.json
AIDE_Dataset/0234/,AIDE_Dataset/annotation/0234.json
AIDE_Dataset/0297/,AIDE_Dataset/annotation/0297.json
AIDE_Dataset/1997/,AIDE_Dataset/annotation/1997.json
AIDE_Dataset/1430/,AIDE_Dataset/annotation/1430.json
AIDE_Dataset/0045/,AIDE_Dataset/annotation/0045.json
AIDE_Dataset/2057/,AIDE_Dataset/annotation/2057.json
AIDE_Dataset/0932/,AIDE_Dataset/annotation/0932.json
AIDE_Dataset/2709/,AIDE_Dataset/annotation/2709.json
AIDE_Dataset/2134/,AIDE_Dataset/annotation/2134.json
AIDE_Dataset/0998/,AIDE_Dataset/annotation/0998.json
AIDE_Dataset/0039/,AIDE_Dataset/annotation/0039.json
AIDE_Dataset/3047/,AIDE_Dataset/annotation/3047.json
AIDE_Dataset/0086/,AIDE_Dataset/annotation/0086.json
AIDE_Dataset/0687/,AIDE_Dataset/annotation/0687.json
AIDE_Dataset/2746/,AIDE_Dataset/annotation/2746.json
AIDE_Dataset/1087/,AIDE_Dataset/annotation/1087.json
AIDE_Dataset/0073/,AIDE_Dataset/annotation/0073.json
AIDE_Dataset/2405/,AIDE_Dataset/annotation/2405.json
AIDE_Dataset/2171/,AIDE_Dataset/annotation/2171.json
AIDE_Dataset/1418/,AIDE_Dataset/annotation/1418.json
AIDE_Dataset/1038/,AIDE_Dataset/annotation/1038.json
AIDE_Dataset/1327/,AIDE_Dataset/annotation/1327.json
AIDE_Dataset/2582/,AIDE_Dataset/annotation/2582.json
AIDE_Dataset/0912/,AIDE_Dataset/annotation/0912.json
AIDE_Dataset/2619/,AIDE_Dataset/annotation/2619.json
AIDE_Dataset/0408/,AIDE_Dataset/annotation/0408.json
AIDE_Dataset/2455/,AIDE_Dataset/annotation/2455.json
AIDE_Dataset/2737/,AIDE_Dataset/annotation/2737.json
AIDE_Dataset/0122/,AIDE_Dataset/annotation/0122.json
AIDE_Dataset/1403/,AIDE_Dataset/annotation/1403.json
AIDE_Dataset/2845/,AIDE_Dataset/annotation/2845.json
AIDE_Dataset/3038/,AIDE_Dataset/annotation/3038.json
AIDE_Dataset/0969/,AIDE_Dataset/annotation/0969.json
AIDE_Dataset/1246/,AIDE_Dataset/annotation/1246.json
AIDE_Dataset/0846/,AIDE_Dataset/annotation/0846.json
AIDE_Dataset/3037/,AIDE_Dataset/annotation/3037.json
AIDE_Dataset/2187/,AIDE_Dataset/annotation/2187.json
AIDE_Dataset/2037/,AIDE_Dataset/annotation/2037.json
AIDE_Dataset/0681/,AIDE_Dataset/annotation/0681.json
AIDE_Dataset/2004/,AIDE_Dataset/annotation/2004.json
AIDE_Dataset/2672/,AIDE_Dataset/annotation/2672.json
AIDE_Dataset/2874/,AIDE_Dataset/annotation/2874.json
AIDE_Dataset/0025/,AIDE_Dataset/annotation/0025.json
AIDE_Dataset/0518/,AIDE_Dataset/annotation/0518.json
AIDE_Dataset/2859/,AIDE_Dataset/annotation/2859.json
AIDE_Dataset/2253/,AIDE_Dataset/annotation/2253.json
AIDE_Dataset/0612/,AIDE_Dataset/annotation/0612.json
AIDE_Dataset/1542/,AIDE_Dataset/annotation/1542.json
AIDE_Dataset/1298/,AIDE_Dataset/annotation/1298.json
AIDE_Dataset/1682/,AIDE_Dataset/annotation/1682.json
AIDE_Dataset/1692/,AIDE_Dataset/annotation/1692.json
AIDE_Dataset/1953/,AIDE_Dataset/annotation/1953.json
AIDE_Dataset/0150/,AIDE_Dataset/annotation/0150.json
AIDE_Dataset/2509/,AIDE_Dataset/annotation/2509.json
AIDE_Dataset/0839/,AIDE_Dataset/annotation/0839.json
AIDE_Dataset/1314/,AIDE_Dataset/annotation/1314.json
AIDE_Dataset/1283/,AIDE_Dataset/annotation/1283.json
AIDE_Dataset/2612/,AIDE_Dataset/annotation/2612.json
AIDE_Dataset/1009/,AIDE_Dataset/annotation/1009.json
AIDE_Dataset/1650/,AIDE_Dataset/annotation/1650.json
AIDE_Dataset/2105/,AIDE_Dataset/annotation/2105.json
AIDE_Dataset/0704/,AIDE_Dataset/annotation/0704.json
AIDE_Dataset/2817/,AIDE_Dataset/annotation/2817.json
AIDE_Dataset/2193/,AIDE_Dataset/annotation/2193.json
AIDE_Dataset/1533/,AIDE_Dataset/annotation/1533.json
AIDE_Dataset/0429/,AIDE_Dataset/annotation/0429.json
AIDE_Dataset/0635/,AIDE_Dataset/annotation/0635.json
AIDE_Dataset/2130/,AIDE_Dataset/annotation/2130.json
AIDE_Dataset/3018/,AIDE_Dataset/annotation/3018.json
AIDE_Dataset/0611/,AIDE_Dataset/annotation/0611.json
AIDE_Dataset/2059/,AIDE_Dataset/annotation/2059.json
AIDE_Dataset/0598/,AIDE_Dataset/annotation/0598.json
AIDE_Dataset/0636/,AIDE_Dataset/annotation/0636.json
AIDE_Dataset/1816/,AIDE_Dataset/annotation/1816.json
AIDE_Dataset/3002/,AIDE_Dataset/annotation/3002.json
AIDE_Dataset/2204/,AIDE_Dataset/annotation/2204.json
AIDE_Dataset/2561/,AIDE_Dataset/annotation/2561.json
AIDE_Dataset/2348/,AIDE_Dataset/annotation/2348.json
AIDE_Dataset/2735/,AIDE_Dataset/annotation/2735.json
AIDE_Dataset/1068/,AIDE_Dataset/annotation/1068.json
AIDE_Dataset/0651/,AIDE_Dataset/annotation/0651.json
AIDE_Dataset/0566/,AIDE_Dataset/annotation/0566.json
AIDE_Dataset/1896/,AIDE_Dataset/annotation/1896.json
AIDE_Dataset/2252/,AIDE_Dataset/annotation/2252.json
AIDE_Dataset/1962/,AIDE_Dataset/annotation/1962.json
AIDE_Dataset/1456/,AIDE_Dataset/annotation/1456.json
AIDE_Dataset/1239/,AIDE_Dataset/annotation/1239.json
AIDE_Dataset/1147/,AIDE_Dataset/annotation/1147.json
AIDE_Dataset/0872/,AIDE_Dataset/annotation/0872.json
AIDE_Dataset/0001/,AIDE_Dataset/annotation/0001.json
AIDE_Dataset/2618/,AIDE_Dataset/annotation/2618.json
AIDE_Dataset/1851/,AIDE_Dataset/annotation/1851.json
AIDE_Dataset/0849/,AIDE_Dataset/annotation/0849.json
AIDE_Dataset/0625/,AIDE_Dataset/annotation/0625.json
AIDE_Dataset/1081/,AIDE_Dataset/annotation/1081.json
AIDE_Dataset/0188/,AIDE_Dataset/annotation/0188.json
AIDE_Dataset/3057/,AIDE_Dataset/annotation/3057.json
AIDE_Dataset/0677/,AIDE_Dataset/annotation/0677.json
AIDE_Dataset/0991/,AIDE_Dataset/annotation/0991.json
AIDE_Dataset/2749/,AIDE_Dataset/annotation/2749.json
AIDE_Dataset/1017/,AIDE_Dataset/annotation/1017.json
AIDE_Dataset/1059/,AIDE_Dataset/annotation/1059.json
AIDE_Dataset/2115/,AIDE_Dataset/annotation/2115.json
AIDE_Dataset/2611/,AIDE_Dataset/annotation/2611.json
AIDE_Dataset/0333/,AIDE_Dataset/annotation/0333.json
AIDE_Dataset/0757/,AIDE_Dataset/annotation/0757.json
AIDE_Dataset/2466/,AIDE_Dataset/annotation/2466.json
AIDE_Dataset/2410/,AIDE_Dataset/annotation/2410.json
AIDE_Dataset/1975/,AIDE_Dataset/annotation/1975.json
AIDE_Dataset/2042/,AIDE_Dataset/annotation/2042.json
AIDE_Dataset/2505/,AIDE_Dataset/annotation/2505.json
AIDE_Dataset/0245/,AIDE_Dataset/annotation/0245.json
AIDE_Dataset/1131/,AIDE_Dataset/annotation/1131.json
AIDE_Dataset/0317/,AIDE_Dataset/annotation/0317.json
AIDE_Dataset/0574/,AIDE_Dataset/annotation/0574.json
AIDE_Dataset/2209/,AIDE_Dataset/annotation/2209.json
AIDE_Dataset/0847/,AIDE_Dataset/annotation/0847.json
AIDE_Dataset/1698/,AIDE_Dataset/annotation/1698.json
AIDE_Dataset/1523/,AIDE_Dataset/annotation/1523.json
AIDE_Dataset/1622/,AIDE_Dataset/annotation/1622.json
AIDE_Dataset/2667/,AIDE_Dataset/annotation/2667.json
AIDE_Dataset/2640/,AIDE_Dataset/annotation/2640.json
AIDE_Dataset/0117/,AIDE_Dataset/annotation/0117.json
AIDE_Dataset/1257/,AIDE_Dataset/annotation/1257.json
AIDE_Dataset/0568/,AIDE_Dataset/annotation/0568.json
AIDE_Dataset/2978/,AIDE_Dataset/annotation/2978.json
AIDE_Dataset/2927/,AIDE_Dataset/annotation/2927.json
AIDE_Dataset/2534/,AIDE_Dataset/annotation/2534.json
AIDE_Dataset/0901/,AIDE_Dataset/annotation/0901.json
AIDE_Dataset/0436/,AIDE_Dataset/annotation/0436.json
AIDE_Dataset/2214/,AIDE_Dataset/annotation/2214.json
AIDE_Dataset/2692/,AIDE_Dataset/annotation/2692.json
AIDE_Dataset/1335/,AIDE_Dataset/annotation/1335.json
AIDE_Dataset/1582/,AIDE_Dataset/annotation/1582.json
AIDE_Dataset/2311/,AIDE_Dataset/annotation/2311.json
AIDE_Dataset/1299/,AIDE_Dataset/annotation/1299.json
AIDE_Dataset/2563/,AIDE_Dataset/annotation/2563.json
AIDE_Dataset/1387/,AIDE_Dataset/annotation/1387.json
AIDE_Dataset/0866/,AIDE_Dataset/annotation/0866.json
AIDE_Dataset/0521/,AIDE_Dataset/annotation/0521.json
AIDE_Dataset/2475/,AIDE_Dataset/annotation/2475.json
AIDE_Dataset/2623/,AIDE_Dataset/annotation/2623.json
AIDE_Dataset/2069/,AIDE_Dataset/annotation/2069.json
AIDE_Dataset/0152/,AIDE_Dataset/annotation/0152.json
AIDE_Dataset/1311/,AIDE_Dataset/annotation/1311.json
AIDE_Dataset/1297/,AIDE_Dataset/annotation/1297.json
AIDE_Dataset/0307/,AIDE_Dataset/annotation/0307.json
AIDE_Dataset/0476/,AIDE_Dataset/annotation/0476.json
AIDE_Dataset/3004/,AIDE_Dataset/annotation/3004.json
AIDE_Dataset/0520/,AIDE_Dataset/annotation/0520.json
AIDE_Dataset/1195/,AIDE_Dataset/annotation/1195.json
AIDE_Dataset/0124/,AIDE_Dataset/annotation/0124.json
AIDE_Dataset/0834/,AIDE_Dataset/annotation/0834.json
AIDE_Dataset/1342/,AIDE_Dataset/annotation/1342.json
AIDE_Dataset/1241/,AIDE_Dataset/annotation/1241.json
AIDE_Dataset/0714/,AIDE_Dataset/annotation/0714.json
AIDE_Dataset/1140/,AIDE_Dataset/annotation/1140.json
AIDE_Dataset/2768/,AIDE_Dataset/annotation/2768.json
AIDE_Dataset/0030/,AIDE_Dataset/annotation/0030.json
AIDE_Dataset/0466/,AIDE_Dataset/annotation/0466.json
AIDE_Dataset/0094/,AIDE_Dataset/annotation/0094.json
AIDE_Dataset/2307/,AIDE_Dataset/annotation/2307.json
AIDE_Dataset/2011/,AIDE_Dataset/annotation/2011.json
AIDE_Dataset/1927/,AIDE_Dataset/annotation/1927.json
AIDE_Dataset/1443/,AIDE_Dataset/annotation/1443.json
AIDE_Dataset/2608/,AIDE_Dataset/annotation/2608.json
AIDE_Dataset/2245/,AIDE_Dataset/annotation/2245.json
AIDE_Dataset/1970/,AIDE_Dataset/annotation/1970.json
AIDE_Dataset/1369/,AIDE_Dataset/annotation/1369.json
AIDE_Dataset/0806/,AIDE_Dataset/annotation/0806.json
AIDE_Dataset/2189/,AIDE_Dataset/annotation/2189.json
AIDE_Dataset/1274/,AIDE_Dataset/annotation/1274.json
AIDE_Dataset/2354/,AIDE_Dataset/annotation/2354.json
AIDE_Dataset/0097/,AIDE_Dataset/annotation/0097.json
AIDE_Dataset/1720/,AIDE_Dataset/annotation/1720.json
AIDE_Dataset/1787/,AIDE_Dataset/annotation/1787.json
AIDE_Dataset/2351/,AIDE_Dataset/annotation/2351.json
AIDE_Dataset/2718/,AIDE_Dataset/annotation/2718.json
AIDE_Dataset/1177/,AIDE_Dataset/annotation/1177.json
AIDE_Dataset/0710/,AIDE_Dataset/annotation/0710.json
AIDE_Dataset/1395/,AIDE_Dataset/annotation/1395.json
AIDE_Dataset/1219/,AIDE_Dataset/annotation/1219.json
AIDE_Dataset/1998/,AIDE_Dataset/annotation/1998.json
AIDE_Dataset/0753/,AIDE_Dataset/annotation/0753.json
AIDE_Dataset/1080/,AIDE_Dataset/annotation/1080.json
AIDE_Dataset/1591/,AIDE_Dataset/annotation/1591.json
AIDE_Dataset/1882/,AIDE_Dataset/annotation/1882.json
AIDE_Dataset/0083/,AIDE_Dataset/annotation/0083.json
AIDE_Dataset/2029/,AIDE_Dataset/annotation/2029.json
AIDE_Dataset/0746/,AIDE_Dataset/annotation/0746.json
AIDE_Dataset/2449/,AIDE_Dataset/annotation/2449.json
AIDE_Dataset/0826/,AIDE_Dataset/annotation/0826.json
AIDE_Dataset/2196/,AIDE_Dataset/annotation/2196.json
AIDE_Dataset/0176/,AIDE_Dataset/annotation/0176.json
AIDE_Dataset/0206/,AIDE_Dataset/annotation/0206.json
AIDE_Dataset/2761/,AIDE_Dataset/annotation/2761.json
AIDE_Dataset/1180/,AIDE_Dataset/annotation/1180.json
AIDE_Dataset/2427/,AIDE_Dataset/annotation/2427.json
AIDE_Dataset/1225/,AIDE_Dataset/annotation/1225.json
AIDE_Dataset/2368/,AIDE_Dataset/annotation/2368.json
AIDE_Dataset/1027/,AIDE_Dataset/annotation/1027.json
AIDE_Dataset/2180/,AIDE_Dataset/annotation/2180.json
AIDE_Dataset/1173/,AIDE_Dataset/annotation/1173.json
AIDE_Dataset/2076/,AIDE_Dataset/annotation/2076.json
AIDE_Dataset/2980/,AIDE_Dataset/annotation/2980.json
AIDE_Dataset/0884/,AIDE_Dataset/annotation/0884.json
AIDE_Dataset/2820/,AIDE_Dataset/annotation/2820.json
AIDE_Dataset/1521/,AIDE_Dataset/annotation/1521.json
AIDE_Dataset/2908/,AIDE_Dataset/annotation/2908.json
AIDE_Dataset/2289/,AIDE_Dataset/annotation/2289.json
AIDE_Dataset/2846/,AIDE_Dataset/annotation/2846.json
AIDE_Dataset/2548/,AIDE_Dataset/annotation/2548.json
AIDE_Dataset/0112/,AIDE_Dataset/annotation/0112.json
AIDE_Dataset/0750/,AIDE_Dataset/annotation/0750.json
AIDE_Dataset/1053/,AIDE_Dataset/annotation/1053.json
AIDE_Dataset/1313/,AIDE_Dataset/annotation/1313.json
AIDE_Dataset/1272/,AIDE_Dataset/annotation/1272.json
AIDE_Dataset/1614/,AIDE_Dataset/annotation/1614.json
AIDE_Dataset/0599/,AIDE_Dataset/annotation/0599.json
AIDE_Dataset/2186/,AIDE_Dataset/annotation/2186.json
AIDE_Dataset/0631/,AIDE_Dataset/annotation/0631.json
AIDE_Dataset/0057/,AIDE_Dataset/annotation/0057.json
AIDE_Dataset/1454/,AIDE_Dataset/annotation/1454.json
AIDE_Dataset/2627/,AIDE_Dataset/annotation/2627.json
AIDE_Dataset/0251/,AIDE_Dataset/annotation/0251.json
AIDE_Dataset/0335/,AIDE_Dataset/annotation/0335.json
AIDE_Dataset/1605/,AIDE_Dataset/annotation/1605.json
AIDE_Dataset/0721/,AIDE_Dataset/annotation/0721.json
AIDE_Dataset/1074/,AIDE_Dataset/annotation/1074.json
AIDE_Dataset/2185/,AIDE_Dataset/annotation/2185.json
AIDE_Dataset/1680/,AIDE_Dataset/annotation/1680.json
AIDE_Dataset/2568/,AIDE_Dataset/annotation/2568.json
AIDE_Dataset/0880/,AIDE_Dataset/annotation/0880.json
AIDE_Dataset/1845/,AIDE_Dataset/annotation/1845.json
AIDE_Dataset/1638/,AIDE_Dataset/annotation/1638.json
AIDE_Dataset/0511/,AIDE_Dataset/annotation/0511.json
AIDE_Dataset/1410/,AIDE_Dataset/annotation/1410.json
AIDE_Dataset/2046/,AIDE_Dataset/annotation/2046.json
AIDE_Dataset/0572/,AIDE_Dataset/annotation/0572.json
AIDE_Dataset/0080/,AIDE_Dataset/annotation/0080.json
AIDE_Dataset/1379/,AIDE_Dataset/annotation/1379.json
AIDE_Dataset/0053/,AIDE_Dataset/annotation/0053.json
AIDE_Dataset/1170/,AIDE_Dataset/annotation/1170.json
AIDE_Dataset/2727/,AIDE_Dataset/annotation/2727.json
AIDE_Dataset/1351/,AIDE_Dataset/annotation/1351.json
AIDE_Dataset/1464/,AIDE_Dataset/annotation/1464.json
AIDE_Dataset/0470/,AIDE_Dataset/annotation/0470.json
AIDE_Dataset/2555/,AIDE_Dataset/annotation/2555.json
AIDE_Dataset/2911/,AIDE_Dataset/annotation/2911.json
AIDE_Dataset/1229/,AIDE_Dataset/annotation/1229.json
AIDE_Dataset/0853/,AIDE_Dataset/annotation/0853.json
AIDE_Dataset/1411/,AIDE_Dataset/annotation/1411.json
AIDE_Dataset/2118/,AIDE_Dataset/annotation/2118.json
AIDE_Dataset/0946/,AIDE_Dataset/annotation/0946.json
AIDE_Dataset/1022/,AIDE_Dataset/annotation/1022.json
AIDE_Dataset/0992/,AIDE_Dataset/annotation/0992.json
AIDE_Dataset/2936/,AIDE_Dataset/annotation/2936.json
AIDE_Dataset/1043/,AIDE_Dataset/annotation/1043.json
AIDE_Dataset/2643/,AIDE_Dataset/annotation/2643.json
AIDE_Dataset/0587/,AIDE_Dataset/annotation/0587.json
AIDE_Dataset/0561/,AIDE_Dataset/annotation/0561.json
AIDE_Dataset/2471/,AIDE_Dataset/annotation/2471.json
AIDE_Dataset/0808/,AIDE_Dataset/annotation/0808.json
AIDE_Dataset/1133/,AIDE_Dataset/annotation/1133.json
AIDE_Dataset/2241/,AIDE_Dataset/annotation/2241.json
AIDE_Dataset/0008/,AIDE_Dataset/annotation/0008.json
AIDE_Dataset/2886/,AIDE_Dataset/annotation/2886.json
AIDE_Dataset/0657/,AIDE_Dataset/annotation/0657.json
AIDE_Dataset/2566/,AIDE_Dataset/annotation/2566.json
AIDE_Dataset/0821/,AIDE_Dataset/annotation/0821.json
AIDE_Dataset/0158/,AIDE_Dataset/annotation/0158.json
AIDE_Dataset/0059/,AIDE_Dataset/annotation/0059.json
AIDE_Dataset/0487/,AIDE_Dataset/annotation/0487.json
AIDE_Dataset/1469/,AIDE_Dataset/annotation/1469.json
AIDE_Dataset/2695/,AIDE_Dataset/annotation/2695.json
AIDE_Dataset/2753/,AIDE_Dataset/annotation/2753.json
AIDE_Dataset/0922/,AIDE_Dataset/annotation/0922.json
AIDE_Dataset/2337/,AIDE_Dataset/annotation/2337.json
AIDE_Dataset/0180/,AIDE_Dataset/annotation/0180.json
AIDE_Dataset/1950/,AIDE_Dataset/annotation/1950.json
AIDE_Dataset/2263/,AIDE_Dataset/annotation/2263.json
AIDE_Dataset/2397/,AIDE_Dataset/annotation/2397.json
AIDE_Dataset/1256/,AIDE_Dataset/annotation/1256.json
AIDE_Dataset/0380/,AIDE_Dataset/annotation/0380.json
AIDE_Dataset/0775/,AIDE_Dataset/annotation/0775.json
AIDE_Dataset/0233/,AIDE_Dataset/annotation/0233.json
AIDE_Dataset/2950/,AIDE_Dataset/annotation/2950.json
AIDE_Dataset/2589/,AIDE_Dataset/annotation/2589.json
AIDE_Dataset/0711/,AIDE_Dataset/annotation/0711.json
AIDE_Dataset/0576/,AIDE_Dataset/annotation/0576.json
AIDE_Dataset/2044/,AIDE_Dataset/annotation/2044.json
AIDE_Dataset/0425/,AIDE_Dataset/annotation/0425.json
AIDE_Dataset/1448/,AIDE_Dataset/annotation/1448.json
AIDE_Dataset/0850/,AIDE_Dataset/annotation/0850.json
AIDE_Dataset/1482/,AIDE_Dataset/annotation/1482.json
AIDE_Dataset/0325/,AIDE_Dataset/annotation/0325.json
AIDE_Dataset/1543/,AIDE_Dataset/annotation/1543.json
AIDE_Dataset/2697/,AIDE_Dataset/annotation/2697.json
AIDE_Dataset/2686/,AIDE_Dataset/annotation/2686.json
AIDE_Dataset/0656/,AIDE_Dataset/annotation/0656.json
AIDE_Dataset/0441/,AIDE_Dataset/annotation/0441.json
AIDE_Dataset/1536/,AIDE_Dataset/annotation/1536.json
AIDE_Dataset/2932/,AIDE_Dataset/annotation/2932.json
AIDE_Dataset/1295/,AIDE_Dataset/annotation/1295.json
AIDE_Dataset/1946/,AIDE_Dataset/annotation/1946.json
AIDE_Dataset/1401/,AIDE_Dataset/annotation/1401.json
AIDE_Dataset/0906/,AIDE_Dataset/annotation/0906.json
AIDE_Dataset/0166/,AIDE_Dataset/annotation/0166.json
AIDE_Dataset/1696/,AIDE_Dataset/annotation/1696.json
AIDE_Dataset/1964/,AIDE_Dataset/annotation/1964.json
AIDE_Dataset/1117/,AIDE_Dataset/annotation/1117.json
AIDE_Dataset/1092/,AIDE_Dataset/annotation/1092.json
AIDE_Dataset/1210/,AIDE_Dataset/annotation/1210.json
AIDE_Dataset/2156/,AIDE_Dataset/annotation/2156.json
AIDE_Dataset/1468/,AIDE_Dataset/annotation/1468.json
AIDE_Dataset/2822/,AIDE_Dataset/annotation/2822.json
AIDE_Dataset/0507/,AIDE_Dataset/annotation/0507.json
AIDE_Dataset/1844/,AIDE_Dataset/annotation/1844.json
AIDE_Dataset/2562/,AIDE_Dataset/annotation/2562.json
AIDE_Dataset/1866/,AIDE_Dataset/annotation/1866.json
AIDE_Dataset/0199/,AIDE_Dataset/annotation/0199.json
AIDE_Dataset/0108/,AIDE_Dataset/annotation/0108.json
AIDE_Dataset/2554/,AIDE_Dataset/annotation/2554.json
AIDE_Dataset/2246/,AIDE_Dataset/annotation/2246.json
AIDE_Dataset/2290/,AIDE_Dataset/annotation/2290.json
AIDE_Dataset/0217/,AIDE_Dataset/annotation/0217.json
AIDE_Dataset/1842/,AIDE_Dataset/annotation/1842.json
AIDE_Dataset/2440/,AIDE_Dataset/annotation/2440.json
AIDE_Dataset/0296/,AIDE_Dataset/annotation/0296.json
AIDE_Dataset/1549/,AIDE_Dataset/annotation/1549.json
AIDE_Dataset/1903/,AIDE_Dataset/annotation/1903.json
AIDE_Dataset/1703/,AIDE_Dataset/annotation/1703.json
AIDE_Dataset/2650/,AIDE_Dataset/annotation/2650.json
AIDE_Dataset/1733/,AIDE_Dataset/annotation/1733.json
AIDE_Dataset/3052/,AIDE_Dataset/annotation/3052.json
AIDE_Dataset/0268/,AIDE_Dataset/annotation/0268.json
AIDE_Dataset/1972/,AIDE_Dataset/annotation/1972.json
AIDE_Dataset/1431/,AIDE_Dataset/annotation/1431.json
AIDE_Dataset/1367/,AIDE_Dataset/annotation/1367.json
AIDE_Dataset/1729/,AIDE_Dataset/annotation/1729.json
AIDE_Dataset/2384/,AIDE_Dataset/annotation/2384.json
AIDE_Dataset/1129/,AIDE_Dataset/annotation/1129.json
AIDE_Dataset/0531/,AIDE_Dataset/annotation/0531.json
AIDE_Dataset/2835/,AIDE_Dataset/annotation/2835.json
AIDE_Dataset/2972/,AIDE_Dataset/annotation/2972.json
AIDE_Dataset/0527/,AIDE_Dataset/annotation/0527.json
AIDE_Dataset/0060/,AIDE_Dataset/annotation/0060.json
AIDE_Dataset/2213/,AIDE_Dataset/annotation/2213.json
AIDE_Dataset/1759/,AIDE_Dataset/annotation/1759.json
AIDE_Dataset/1568/,AIDE_Dataset/annotation/1568.json
AIDE_Dataset/2705/,AIDE_Dataset/annotation/2705.json
AIDE_Dataset/1678/,AIDE_Dataset/annotation/1678.json
AIDE_Dataset/2033/,AIDE_Dataset/annotation/2033.json
AIDE_Dataset/1730/,AIDE_Dataset/annotation/1730.json
AIDE_Dataset/2580/,AIDE_Dataset/annotation/2580.json
AIDE_Dataset/2694/,AIDE_Dataset/annotation/2694.json
AIDE_Dataset/1371/,AIDE_Dataset/annotation/1371.json
AIDE_Dataset/1263/,AIDE_Dataset/annotation/1263.json
AIDE_Dataset/1520/,AIDE_Dataset/annotation/1520.json
AIDE_Dataset/1424/,AIDE_Dataset/annotation/1424.json
AIDE_Dataset/1615/,AIDE_Dataset/annotation/1615.json
AIDE_Dataset/2605/,AIDE_Dataset/annotation/2605.json
AIDE_Dataset/1026/,AIDE_Dataset/annotation/1026.json
AIDE_Dataset/1788/,AIDE_Dataset/annotation/1788.json
AIDE_Dataset/1159/,AIDE_Dataset/annotation/1159.json
AIDE_Dataset/0015/,AIDE_Dataset/annotation/0015.json
AIDE_Dataset/0954/,AIDE_Dataset/annotation/0954.json
AIDE_Dataset/2721/,AIDE_Dataset/annotation/2721.json
AIDE_Dataset/0709/,AIDE_Dataset/annotation/0709.json
AIDE_Dataset/1922/,AIDE_Dataset/annotation/1922.json
AIDE_Dataset/1658/,AIDE_Dataset/annotation/1658.json
AIDE_Dataset/3041/,AIDE_Dataset/annotation/3041.json
AIDE_Dataset/2242/,AIDE_Dataset/annotation/2242.json
AIDE_Dataset/0500/,AIDE_Dataset/annotation/0500.json
AIDE_Dataset/1675/,AIDE_Dataset/annotation/1675.json
AIDE_Dataset/1921/,AIDE_Dataset/annotation/1921.json
AIDE_Dataset/1355/,AIDE_Dataset/annotation/1355.json
AIDE_Dataset/0693/,AIDE_Dataset/annotation/0693.json
AIDE_Dataset/2295/,AIDE_Dataset/annotation/2295.json
AIDE_Dataset/0890/,AIDE_Dataset/annotation/0890.json
AIDE_Dataset/0227/,AIDE_Dataset/annotation/0227.json
AIDE_Dataset/0700/,AIDE_Dataset/annotation/0700.json
AIDE_Dataset/1051/,AIDE_Dataset/annotation/1051.json
AIDE_Dataset/1157/,AIDE_Dataset/annotation/1157.json
AIDE_Dataset/0801/,AIDE_Dataset/annotation/0801.json
AIDE_Dataset/1934/,AIDE_Dataset/annotation/1934.json
AIDE_Dataset/1108/,AIDE_Dataset/annotation/1108.json
AIDE_Dataset/1300/,AIDE_Dataset/annotation/1300.json
AIDE_Dataset/0994/,AIDE_Dataset/annotation/0994.json
AIDE_Dataset/0943/,AIDE_Dataset/annotation/0943.json
AIDE_Dataset/0851/,AIDE_Dataset/annotation/0851.json
AIDE_Dataset/1659/,AIDE_Dataset/annotation/1659.json
AIDE_Dataset/1761/,AIDE_Dataset/annotation/1761.json
AIDE_Dataset/1227/,AIDE_Dataset/annotation/1227.json
AIDE_Dataset/0674/,AIDE_Dataset/annotation/0674.json
AIDE_Dataset/1155/,AIDE_Dataset/annotation/1155.json
AIDE_Dataset/0690/,AIDE_Dataset/annotation/0690.json
AIDE_Dataset/2313/,AIDE_Dataset/annotation/2313.json
AIDE_Dataset/3008/,AIDE_Dataset/annotation/3008.json
AIDE_Dataset/2669/,AIDE_Dataset/annotation/2669.json
AIDE_Dataset/1452/,AIDE_Dataset/annotation/1452.json
AIDE_Dataset/0096/,AIDE_Dataset/annotation/0096.json
AIDE_Dataset/3019/,AIDE_Dataset/annotation/3019.json
AIDE_Dataset/1047/,AIDE_Dataset/annotation/1047.json
AIDE_Dataset/0035/,AIDE_Dataset/annotation/0035.json
AIDE_Dataset/1462/,AIDE_Dataset/annotation/1462.json
AIDE_Dataset/2728/,AIDE_Dataset/annotation/2728.json
AIDE_Dataset/1841/,AIDE_Dataset/annotation/1841.json
AIDE_Dataset/2848/,AIDE_Dataset/annotation/2848.json
AIDE_Dataset/0796/,AIDE_Dataset/annotation/0796.json
AIDE_Dataset/0925/,AIDE_Dataset/annotation/0925.json
AIDE_Dataset/1750/,AIDE_Dataset/annotation/1750.json
AIDE_Dataset/0799/,AIDE_Dataset/annotation/0799.json
AIDE_Dataset/0132/,AIDE_Dataset/annotation/0132.json
AIDE_Dataset/1376/,AIDE_Dataset/annotation/1376.json
AIDE_Dataset/0424/,AIDE_Dataset/annotation/0424.json
AIDE_Dataset/0501/,AIDE_Dataset/annotation/0501.json
AIDE_Dataset/2786/,AIDE_Dataset/annotation/2786.json
AIDE_Dataset/2007/,AIDE_Dataset/annotation/2007.json
AIDE_Dataset/0756/,AIDE_Dataset/annotation/0756.json
AIDE_Dataset/2096/,AIDE_Dataset/annotation/2096.json
AIDE_Dataset/2565/,AIDE_Dataset/annotation/2565.json
AIDE_Dataset/2699/,AIDE_Dataset/annotation/2699.json
AIDE_Dataset/0265/,AIDE_Dataset/annotation/0265.json
AIDE_Dataset/0723/,AIDE_Dataset/annotation/0723.json
AIDE_Dataset/1434/,AIDE_Dataset/annotation/1434.json
AIDE_Dataset/2570/,AIDE_Dataset/annotation/2570.json
AIDE_Dataset/0837/,AIDE_Dataset/annotation/0837.json
AIDE_Dataset/3050/,AIDE_Dataset/annotation/3050.json
AIDE_Dataset/1215/,AIDE_Dataset/annotation/1215.json
AIDE_Dataset/1554/,AIDE_Dataset/annotation/1554.json
AIDE_Dataset/0664/,AIDE_Dataset/annotation/0664.json
AIDE_Dataset/1232/,AIDE_Dataset/annotation/1232.json
AIDE_Dataset/1785/,AIDE_Dataset/annotation/1785.json
AIDE_Dataset/2450/,AIDE_Dataset/annotation/2450.json
AIDE_Dataset/0999/,AIDE_Dataset/annotation/0999.json
AIDE_Dataset/1528/,AIDE_Dataset/annotation/1528.json
AIDE_Dataset/0777/,AIDE_Dataset/annotation/0777.json
AIDE_Dataset/1394/,AIDE_Dataset/annotation/1394.json
AIDE_Dataset/0032/,AIDE_Dataset/annotation/0032.json
AIDE_Dataset/2015/,AIDE_Dataset/annotation/2015.json
AIDE_Dataset/0123/,AIDE_Dataset/annotation/0123.json
AIDE_Dataset/0341/,AIDE_Dataset/annotation/0341.json
AIDE_Dataset/2222/,AIDE_Dataset/annotation/2222.json
AIDE_Dataset/1893/,AIDE_Dataset/annotation/1893.json
AIDE_Dataset/1304/,AIDE_Dataset/annotation/1304.json
AIDE_Dataset/2887/,AIDE_Dataset/annotation/2887.json
AIDE_Dataset/1058/,AIDE_Dataset/annotation/1058.json
AIDE_Dataset/0474/,AIDE_Dataset/annotation/0474.json
AIDE_Dataset/2521/,AIDE_Dataset/annotation/2521.json
AIDE_Dataset/2754/,AIDE_Dataset/annotation/2754.json
AIDE_Dataset/2715/,AIDE_Dataset/annotation/2715.json
AIDE_Dataset/1599/,AIDE_Dataset/annotation/1599.json
AIDE_Dataset/2616/,AIDE_Dataset/annotation/2616.json
AIDE_Dataset/1460/,AIDE_Dataset/annotation/1460.json
AIDE_Dataset/2012/,AIDE_Dataset/annotation/2012.json
AIDE_Dataset/0924/,AIDE_Dataset/annotation/0924.json
AIDE_Dataset/0371/,AIDE_Dataset/annotation/0371.json
AIDE_Dataset/1636/,AIDE_Dataset/annotation/1636.json
AIDE_Dataset/1101/,AIDE_Dataset/annotation/1101.json
AIDE_Dataset/0193/,AIDE_Dataset/annotation/0193.json
AIDE_Dataset/1583/,AIDE_Dataset/annotation/1583.json
AIDE_Dataset/0802/,AIDE_Dataset/annotation/0802.json
AIDE_Dataset/1105/,AIDE_Dataset/annotation/1105.json
AIDE_Dataset/1329/,AIDE_Dataset/annotation/1329.json
